日期,开盘,收盘,最高,最低,成交量,成交额,振幅,涨跌幅,涨跌额,换手率
2008-05-16,1.14,1.5,1.73,1.14,362466,1144118216.96,-842.86,2242.86,1.57,169.06
2008-05-23,1.54,1.85,1.91,1.51,134336,485703576.82,26.67,23.33,0.35,62.66
2008-05-30,1.82,1.79,1.88,1.55,46186,165054145.97,17.84,-3.24,-0.06,21.54
2008-06-06,1.78,1.96,2.03,1.68,41684,158365869.37,19.55,9.5,0.17,19.44
2008-06-13,1.87,1.51,1.93,1.45,45794,160865591.21,24.49,-22.96,-0.45,21.36
2008-06-20,1.48,1.3,1.51,1.1,38178,117123708.55,27.15,-13.91,-0.21,17.81
2008-06-27,1.24,1.23,1.44,1.2,24013,73900111.99,18.46,-5.38,-0.07,11.2
2008-07-04,1.24,1.32,1.43,1.16,12862,39386463.8,21.95,7.32,0.09,6.0
2008-07-11,1.39,1.64,1.64,1.34,37389,120612066.03,22.73,24.24,0.32,17.44
2008-07-18,1.63,1.43,1.7,1.35,16191,54546406.7,21.34,-12.8,-0.21,7.55
2008-07-25,1.43,1.54,1.61,1.41,13807,45622316.82,13.99,7.69,0.11,6.44
2008-08-01,1.57,1.36,1.61,1.27,14992,48210812.07,22.08,-11.69,-0.18,6.99
2008-08-08,1.32,1.27,1.38,1.12,8884,26405715.48,19.12,-6.62,-0.09,4.14
2008-08-15,1.17,0.87,1.24,0.78,61044,153998577.84,36.22,-31.5,-0.4,22.78
2008-08-22,0.73,0.81,0.95,0.72,17920,43837926.26,26.44,-6.9,-0.06,6.69
2008-08-29,0.85,0.62,0.85,0.54,11625,25573213.35,38.27,-23.46,-0.19,4.34
2008-09-05,0.59,0.5,0.64,0.5,7121,14680814.08,22.58,-19.35,-0.12,2.66
2008-09-12,0.5,0.36,0.5,0.34,7197,13525797.11,32.0,-28.0,-0.14,2.69
2008-09-19,0.34,0.47,0.47,0.27,43550,84305652.16,55.56,30.56,0.11,16.25
2008-09-26,0.47,0.19,0.59,0.14,70120,120592027.73,95.74,-59.57,-0.28,26.16
2008-10-10,0.16,0.03,0.16,0.0,32251,47705482.38,84.21,-84.21,-0.16,12.03
2008-10-17,0.03,0.13,0.14,-0.05,25363,36277812.99,633.33,333.33,0.1,9.46
2008-10-24,0.13,0.24,0.34,0.11,40222,66259184.76,176.92,84.62,0.11,15.01
2008-10-31,0.24,0.35,0.38,0.17,30316,52933637.98,87.5,45.83,0.11,11.31
2008-11-07,0.34,0.37,0.43,0.22,18702,33307171.5,60.0,5.71,0.02,6.98
2008-11-14,0.37,0.47,0.5,0.36,32985,62838120.11,37.84,27.03,0.1,12.31
2008-11-21,0.46,0.53,0.71,0.42,39742,83051284.68,61.7,12.77,0.06,14.83
2008-11-28,0.53,0.36,0.57,0.35,23362,44590781.09,41.51,-32.08,-0.17,8.72
2008-12-05,0.36,0.57,0.61,0.36,35092,71107977.52,69.44,58.33,0.21,13.09
2008-12-12,0.58,0.53,0.7,0.52,34576,74368066.38,31.58,-7.02,-0.04,12.9
2008-12-19,0.57,0.91,0.99,0.54,33683,78655826.24,84.91,71.7,0.38,12.57
2008-12-26,0.89,0.77,0.99,0.65,61924,149686727.32,37.36,-15.38,-0.14,23.11
2008-12-31,0.76,0.77,0.89,0.7,19655,46735202.87,24.68,0.0,0.0,7.33
2009-01-09,0.8,1.01,1.05,0.76,43908,110304165.45,37.66,31.17,0.24,16.38
2009-01-16,1.02,1.0,1.11,0.91,55470,146838124.48,19.8,-0.99,-0.01,20.7
2009-01-23,1.03,0.93,1.06,0.93,18280,47528114.35,13.0,-7.0,-0.07,6.82
2009-02-06,0.94,1.01,1.03,0.94,25250,66598995.84,9.68,8.6,0.08,9.42
2009-02-13,1.02,1.04,1.14,0.94,49618,133247170.08,19.8,2.97,0.03,18.51
2009-02-20,1.06,1.07,1.13,0.95,58928,159145545.62,17.31,2.88,0.03,21.99
2009-02-27,1.07,0.88,1.27,0.85,68750,187646723.14,39.25,-17.76,-0.19,25.65
2009-03-06,0.89,1.03,1.1,0.85,35889,94101451.04,28.41,17.05,0.15,13.39
2009-03-13,1.04,1.24,1.3,1.03,65630,187834821.67,26.21,20.39,0.21,24.49
2009-03-20,1.24,1.18,1.27,1.13,37168,107559257.81,11.29,-4.84,-0.06,13.87
2009-03-27,1.18,1.1,1.21,1.08,46141,130647003.18,11.02,-6.78,-0.08,17.22
2009-04-03,1.1,1.49,1.49,1.1,57303,175093622.48,35.45,35.45,0.39,21.38
2009-04-10,1.48,1.51,1.61,1.4,52315,172154841.9,14.09,1.34,0.02,19.52
2009-04-17,1.51,1.55,1.75,1.44,77441,265068722.56,20.53,2.65,0.04,28.9
2009-04-24,1.51,1.53,1.63,1.45,36904,123151844.14,11.61,-1.29,-0.02,13.77
2009-04-30,1.52,1.53,1.56,1.34,23075,73736306.47,14.38,0.0,0.0,8.61
2009-05-08,1.53,1.47,1.64,1.45,25265,85437907.21,12.42,-3.92,-0.06,9.43
2009-05-15,1.44,1.58,1.62,1.33,49261,162326045.63,19.73,7.48,0.11,8.95
2009-05-22,1.59,1.55,1.86,1.5,46497,154293774.89,22.78,-1.9,-0.03,5.63
2009-05-27,1.49,1.51,1.58,1.41,26610,58105730.69,10.97,-2.58,-0.04,3.22
2009-06-05,1.53,1.45,1.55,1.42,71317,153970099.66,8.61,-3.97,-0.06,8.64
2009-06-12,1.45,1.47,1.49,1.29,52885,111173294.32,13.79,1.38,0.02,6.41
2009-06-19,1.47,1.46,1.51,1.35,59395,126119860.19,10.88,-0.68,-0.01,7.2
2009-06-26,1.48,1.48,1.59,1.4,52927,114864149.05,13.01,1.37,0.02,6.41
2009-07-03,1.48,1.48,1.59,1.44,43113,94022929.95,10.14,0.0,0.0,5.22
2009-07-10,1.45,1.74,1.74,1.36,156657,349228618.96,25.68,17.57,0.26,18.98
2009-07-17,1.74,3.1,3.1,1.7,454705,1350091433.53,80.46,78.16,1.36,55.1
2009-07-24,3.04,2.97,3.26,2.81,147906,517084167.72,14.52,-4.19,-0.13,17.92
2009-07-31,2.93,3.54,3.8,2.85,278700,1050781978.48,31.99,19.19,0.57,33.77
2009-08-07,3.5,3.74,3.85,3.39,132096,524297643.73,12.99,5.65,0.2,16.01
2009-08-14,3.76,3.3,3.85,3.21,94866,369733061.89,17.11,-11.76,-0.44,11.5
2009-08-21,3.35,3.0,3.35,2.46,156471,513445666.04,26.97,-9.09,-0.3,18.96
2009-08-28,3.09,2.72,3.18,2.7,138937,477756671.51,16.0,-9.33,-0.28,16.84
2009-09-04,2.64,2.75,2.83,2.46,73415,231579536.01,13.6,1.1,0.03,8.9
2009-09-11,2.77,2.99,3.19,2.77,103600,361426774.32,15.27,8.73,0.24,12.55
2009-09-18,3.0,3.14,3.45,2.95,119170,439626072.25,16.72,5.02,0.15,14.44
2009-09-25,3.07,2.93,3.15,2.78,59411,204108467.26,11.78,-6.69,-0.21,7.2
2009-09-30,2.92,2.64,3.0,2.57,34344,111633761.27,14.68,-9.9,-0.29,4.16
2009-10-09,2.75,3.01,3.01,2.75,10812,37160178.74,9.85,14.02,0.37,1.31
2009-10-16,3.38,3.06,3.38,2.89,88642,316327028.82,16.28,1.66,0.05,10.74
2009-10-23,3.03,3.02,3.22,3.0,77257,274799600.84,7.19,-1.31,-0.04,9.36
2009-10-30,3.0,2.84,3.0,2.78,86059,289294772.13,7.28,-5.96,-0.18,10.43
2009-11-06,2.72,3.05,3.18,2.67,87444,300005772.65,17.96,7.39,0.21,10.6
2009-11-13,3.05,3.03,3.07,2.86,100194,343591071.13,6.89,-0.66,-0.02,12.14
2009-11-20,3.08,3.09,3.18,3.0,125185,442618113.78,5.94,1.98,0.06,15.17
2009-11-27,3.08,2.84,3.25,2.8,156148,545358744.42,14.56,-8.09,-0.25,18.92
2009-12-04,2.86,2.94,3.15,2.84,117719,409346523.04,10.92,3.52,0.1,14.26
2009-12-11,2.92,3.48,3.59,2.86,232752,855252542.36,24.83,18.37,0.54,28.2
2009-12-18,3.48,2.92,3.71,2.88,205483,770340308.07,23.85,-16.09,-0.56,24.9
2009-12-25,2.92,3.03,3.1,2.81,99592,342172039.67,9.93,3.77,0.11,12.07
2009-12-31,3.05,3.17,3.29,3.03,109016,394010043.04,8.58,4.62,0.14,13.03
2010-01-08,3.2,3.27,3.4,3.09,128717,474965592.15,9.78,3.15,0.1,15.39
2010-01-15,3.29,3.58,3.77,3.27,240228,951167365.11,15.29,9.48,0.31,28.72
2010-01-22,3.55,3.38,3.85,3.37,170216,679296733.74,13.41,-5.59,-0.2,20.35
2010-01-29,3.37,3.26,3.44,3.09,63107,231898412.49,10.36,-3.55,-0.12,7.55
2010-02-05,3.23,2.91,3.26,2.84,69306,245875130.2,12.88,-10.74,-0.35,8.29
2010-02-12,2.91,2.91,2.91,2.75,35228,117682263.11,5.5,0.0,0.0,4.21
2010-02-26,2.91,3.16,3.23,2.87,45905,162110372.48,12.37,8.59,0.25,5.49
2010-03-05,3.15,2.94,3.25,2.88,68870,243222714.53,11.71,-6.96,-0.22,8.23
2010-03-12,2.94,2.99,3.07,2.9,40963,141210619.04,5.78,1.7,0.05,4.9
2010-03-19,2.99,3.22,3.27,2.92,105854,381275331.87,11.71,7.69,0.23,12.66
2010-03-26,3.19,3.48,3.59,3.14,214803,817800830.98,13.98,8.07,0.26,25.68
2010-04-02,3.47,3.72,3.95,3.42,248587,1010574813.86,15.23,6.9,0.24,29.72
2010-04-09,3.71,4.26,4.32,3.53,246849,1058434865.03,21.24,14.52,0.54,29.51
2010-04-16,4.32,4.32,4.57,4.08,141247,649416218.41,11.5,1.41,0.06,16.89
2010-04-23,4.28,4.44,4.82,4.09,149039,711925898.66,16.9,2.78,0.12,17.82
2010-04-30,4.49,3.88,4.55,3.78,118006,526091149.14,17.34,-12.61,-0.56,14.11
2010-05-07,3.79,3.82,4.13,3.58,88259,374854417.25,14.18,-1.55,-0.06,10.55
2010-05-14,3.73,3.4,3.87,3.18,152482,588219532.24,18.06,-10.99,-0.42,18.23
2010-05-21,3.29,3.56,3.59,3.1,72610,273310616.88,14.41,4.71,0.16,8.68
2010-05-28,3.62,3.54,3.69,3.36,80803,318874146.91,9.27,-0.56,-0.02,9.66
2010-06-04,3.5,3.62,3.68,3.29,73617,288361043.18,11.02,2.26,0.08,8.8
2010-06-11,3.5,3.87,3.99,3.49,97423,400756759.24,13.81,6.91,0.25,11.65
2010-06-18,3.86,3.64,3.92,3.58,31476,127170409.5,8.79,-5.94,-0.23,3.76
2010-06-25,3.59,3.55,3.76,3.45,30113,120633621.81,8.52,-2.47,-0.09,3.6
2010-07-02,3.52,2.81,3.54,2.61,83215,290207180.3,26.2,-20.85,-0.74,9.95
2010-07-09,2.71,3.08,3.12,2.61,67801,234756768.31,18.15,9.61,0.27,8.11
2010-07-16,3.11,2.94,3.17,2.85,64578,224722308.48,10.39,-4.55,-0.14,7.72
2010-07-23,2.88,3.51,3.54,2.88,91624,336856382.8,22.45,19.39,0.57,10.95
2010-07-30,3.5,3.76,3.97,3.43,84760,345921826.56,15.38,7.12,0.25,10.13
2010-08-06,3.76,3.76,3.81,3.57,87364,355275842.54,6.38,0.0,0.0,10.45
2010-08-13,3.8,3.91,4.06,3.64,68594,286133972.48,11.17,3.99,0.15,8.2
2010-08-20,3.91,3.87,4.14,3.84,66047,283899657.15,7.67,-1.02,-0.04,7.9
2010-08-27,3.89,4.23,4.23,3.86,74109,322895671.15,9.56,9.3,0.36,8.86
2010-09-03,4.28,4.81,4.9,4.28,130598,640724996.68,14.66,13.71,0.58,15.61
2010-09-10,4.8,5.28,5.38,4.59,74369,382745206.52,16.42,9.77,0.47,8.89
2010-09-17,5.31,5.21,5.85,4.92,68366,372180847.96,17.61,-1.33,-0.07,8.17
2010-09-21,5.21,5.0,5.26,4.88,13279,69512949.34,7.29,-4.03,-0.21,1.59
2010-09-30,4.98,5.06,5.42,4.98,49762,262757302.27,8.8,1.2,0.06,5.95
2010-10-08,5.14,4.86,5.14,4.77,43628,222906222.17,7.31,-3.95,-0.2,5.22
2010-10-15,4.86,4.27,4.88,4.15,167809,791123202.69,15.02,-12.14,-0.59,20.06
2010-10-22,4.29,5.14,5.26,4.0,158147,758706453.51,29.51,20.37,0.87,18.91
2010-10-29,5.72,5.98,6.26,5.28,104061,605748147.33,19.07,16.34,0.84,12.44
2010-11-05,5.87,7.32,7.38,5.64,163826,1043039951.84,29.1,22.41,1.34,19.59
2010-11-12,7.32,7.24,8.08,6.99,111853,811498076.34,14.89,-1.09,-0.08,13.37
2010-11-19,7.31,8.86,8.86,7.24,102001,793073846.51,22.38,22.38,1.62,12.2
2010-11-26,9.1,8.65,9.67,8.03,122060,1013246754.64,18.51,-2.37,-0.21,14.59
2010-12-03,8.58,7.82,9.31,7.7,65339,528152379.97,18.61,-9.6,-0.83,7.81
2010-12-10,7.68,8.23,8.23,7.48,50674,386516127.95,9.59,5.24,0.41,6.06
2010-12-17,8.23,8.89,9.51,8.17,43841,373297600.96,16.28,8.02,0.66,5.24
2010-12-24,8.96,7.76,9.0,7.65,36897,291502195.55,15.19,-12.71,-1.13,4.41
2010-12-31,7.8,8.17,8.5,7.27,52200,396850940.0,15.85,5.28,0.41,6.16
2011-01-07,8.23,7.71,8.7,7.59,42241,335973946.3,13.59,-5.63,-0.46,4.98
2011-01-14,7.76,7.32,7.76,6.62,94474,665346386.64,14.79,-5.06,-0.39,11.15
2011-01-21,7.24,6.36,7.24,6.25,49750,335853680.92,13.52,-13.11,-0.96,5.87
2011-01-28,6.35,6.02,6.37,5.33,101635,596449307.44,16.35,-5.35,-0.34,11.99
2011-02-01,6.08,6.42,6.5,5.97,15555,97112635.84,8.8,6.64,0.4,1.84
2011-02-11,6.2,6.62,6.73,6.08,20681,132617154.48,10.12,3.12,0.2,2.44
2011-02-17,6.7,6.89,7.3,6.67,58745,401902709.91,9.52,4.08,0.27,6.93
2011-02-25,6.84,6.89,7.5,6.76,59479,413963441.26,10.74,0.0,0.0,7.02
2011-03-04,6.98,6.66,7.17,6.42,58272,323577844.15,10.89,-3.34,-0.23,4.58
2011-03-11,6.68,7.88,8.6,6.35,275259,1368740173.38,33.78,18.32,1.22,21.65
2011-03-18,7.85,7.44,8.29,7.42,174757,878370615.56,11.04,-5.58,-0.44,13.75
2011-03-25,7.29,7.2,7.61,7.12,114030,540653144.15,6.59,-3.23,-0.24,8.97
2011-04-01,7.21,6.95,7.29,6.7,91604,415862132.81,8.19,-3.47,-0.25,7.21
2011-04-08,6.93,6.43,7.08,6.3,79054,341653357.32,11.22,-7.48,-0.52,6.22
2011-04-15,6.47,6.63,6.93,6.14,136044,585126958.7,12.29,3.11,0.2,10.7
2011-04-22,6.61,6.82,7.02,6.39,102471,454079918.55,9.5,2.87,0.19,8.06
2011-04-29,6.8,6.56,6.81,6.34,57808,250911434.86,6.89,-3.81,-0.26,4.55
2011-05-06,6.6,6.91,7.02,6.6,74952,335598539.87,6.4,5.34,0.35,5.9
2011-05-13,6.97,6.37,7.09,6.21,75390,331626291.8,12.74,-7.81,-0.54,5.93
2011-05-20,6.34,6.04,6.55,5.99,57524,239001730.13,8.79,-5.18,-0.33,2.79
2011-05-27,5.99,5.46,6.21,5.33,73219,288286997.46,14.57,-9.6,-0.58,3.55
2011-06-03,5.41,5.38,5.53,5.17,62772,227735147.44,6.59,-1.47,-0.08,3.05
2011-06-10,5.39,5.59,5.99,5.31,59341,225576856.7,12.64,3.9,0.21,2.88
2011-06-17,5.49,5.45,5.96,5.43,48865,187103252.81,9.48,-2.5,-0.14,2.37
2011-06-24,5.41,5.64,5.7,5.26,50666,186858568.55,8.07,3.49,0.19,2.46
2011-07-01,5.64,6.01,6.11,5.62,67957,269291671.52,8.69,6.56,0.37,3.3
2011-07-08,6.01,6.59,6.89,5.96,85524,361143399.08,15.47,9.65,0.58,4.15
2011-07-15,6.55,6.68,6.87,6.51,68918,304927902.44,5.46,1.37,0.09,3.35
2011-07-22,6.72,6.16,6.73,6.14,87854,369759685.33,8.83,-7.78,-0.52,4.27
2011-07-29,6.17,5.78,6.22,5.57,98887,386455202.51,10.55,-6.17,-0.38,4.8
2011-08-05,5.74,5.78,6.14,5.64,99772,394109529.77,8.65,0.0,0.0,4.84
2011-08-12,5.65,5.39,5.78,4.91,113273,413166233.6,15.05,-6.75,-0.39,5.5
2011-08-19,5.41,5.24,5.68,5.12,67885,251042314.0,10.39,-2.78,-0.15,3.3
2011-08-26,5.23,5.51,5.64,5.2,63120,231710596.0,8.4,5.15,0.27,3.06
2011-09-02,5.46,5.26,5.5,5.22,29881,108688745.0,5.08,-4.54,-0.25,1.45
2011-09-09,5.19,5.13,5.26,5.0,31556,110538258.0,4.94,-2.47,-0.13,1.53
2011-09-16,5.08,5.14,5.27,4.96,18974,66488888.0,6.04,0.19,0.01,0.92
2011-09-23,5.13,4.93,5.33,4.92,41555,145779032.0,7.98,-4.09,-0.21,2.02
2011-09-30,4.93,4.21,4.94,4.16,59084,185354975.0,15.82,-14.6,-0.72,2.87
2011-10-14,4.46,4.89,4.96,4.19,109472,352194605.0,18.29,16.15,0.68,5.31
2011-10-21,5.01,5.12,5.6,4.95,218051,789465013.0,13.29,4.7,0.23,10.59
2011-10-28,5.15,5.36,5.46,4.89,170064,608083901.0,11.13,4.69,0.24,8.26
2011-11-04,5.39,5.9,6.13,5.29,271066,1040588842.0,15.67,10.07,0.54,13.16
2011-11-11,5.96,5.64,5.97,5.41,139833,530616829.0,9.49,-4.41,-0.26,6.79
2011-11-18,5.73,5.64,6.15,5.59,191313,747857238.0,9.93,0.0,0.0,9.29
2011-11-25,5.56,5.72,5.78,5.42,88430,332632608.0,6.38,1.42,0.08,4.29
2011-12-02,5.74,5.45,5.97,5.38,134288,513476367.0,10.31,-4.72,-0.27,6.52
2011-12-09,5.4,4.8,5.45,4.74,82903,287525993.0,13.03,-11.93,-0.65,4.02
2011-12-16,4.8,5.1,5.14,4.7,80022,272735073.0,9.17,6.25,0.3,3.89
2011-12-23,5.05,5.19,5.4,4.92,57189,202509539.0,9.41,1.76,0.09,2.78
2011-12-30,5.2,5.12,5.48,4.73,59879,207868074.0,14.45,-1.35,-0.07,2.91
2012-01-06,5.12,3.98,5.15,3.75,76127,230406561.0,27.34,-22.27,-1.14,3.67
2012-01-13,3.98,4.04,4.4,3.87,151121,449441788.0,13.32,1.51,0.06,7.29
2012-01-20,3.96,4.12,4.25,3.83,81324,232804544.0,10.4,1.98,0.08,3.92
2012-02-03,4.21,4.45,4.56,3.94,65649,197102988.0,15.05,8.01,0.33,3.17
2012-02-10,4.45,4.66,4.91,4.23,75016,237885712.0,15.28,4.72,0.21,3.62
2012-02-17,4.59,5.06,5.22,4.47,131185,453526408.0,16.09,8.58,0.4,6.33
2012-02-24,5.14,5.73,5.97,5.12,205313,782158303.0,16.8,13.24,0.67,9.91
2012-03-02,5.71,6.18,6.23,5.6,185357,735990368.0,10.99,7.85,0.45,8.94
2012-03-09,6.25,6.26,6.51,5.95,175075,721572243.0,9.06,1.29,0.08,8.45
2012-03-16,6.33,6.3,6.56,5.71,194598,802871139.0,13.58,0.64,0.04,9.39
2012-03-23,6.27,5.62,6.37,5.22,169010,651640189.0,18.25,-10.79,-0.68,8.16
2012-03-30,5.59,5.28,5.75,5.18,136064,499975678.0,10.14,-6.05,-0.34,6.57
2012-04-06,5.3,5.57,5.69,5.29,56093,209612812.0,7.58,5.49,0.29,2.71
2012-04-13,5.57,5.52,5.69,5.14,113015,416769392.0,9.87,-0.9,-0.05,5.45
2012-04-20,5.52,5.69,5.86,5.47,110410,424441058.0,7.07,3.08,0.17,5.33
2012-04-26,5.69,5.12,5.69,4.92,98233,349636274.0,13.53,-10.02,-0.57,4.74
2012-05-04,5.22,5.34,5.46,5.15,40589,145919939.0,6.05,4.3,0.22,1.96
2012-05-11,5.32,5.11,5.36,5.09,70585,251345607.0,5.06,-4.31,-0.23,3.24
2012-05-18,5.17,5.24,5.4,4.99,57470,204827191.0,8.02,2.54,0.13,2.64
2012-05-25,5.28,4.93,5.37,4.92,69041,162549188.0,8.59,-5.92,-0.31,2.11
2012-06-01,4.91,5.38,5.42,4.69,158809,368699306.0,14.81,9.13,0.45,4.85
2012-06-08,5.37,5.3,5.81,5.19,240976,595850539.0,11.52,-1.49,-0.08,7.37
2012-06-15,5.27,4.94,5.48,4.82,162483,381000830.0,12.45,-6.79,-0.36,4.97
2012-06-21,4.94,4.95,5.14,4.92,90221,206216677.0,4.45,0.2,0.01,2.76
2012-06-29,4.9,4.19,5.0,3.95,168516,344327042.0,21.21,-15.35,-0.76,5.15
2012-07-06,4.13,5.05,5.12,4.13,326454,716683932.0,23.63,20.53,0.86,9.98
2012-07-13,5.0,5.03,5.21,4.74,207279,472759708.0,9.31,-0.4,-0.02,6.34
2012-07-20,5.05,4.47,5.05,4.3,179921,379623592.0,14.91,-11.13,-0.56,5.5
2012-07-27,4.4,4.11,4.56,4.11,120260,246606573.0,10.07,-8.05,-0.36,3.68
2012-08-03,4.13,4.8,4.83,4.11,185415,387492512.0,17.52,16.79,0.69,5.67
2012-08-09,4.74,5.37,5.41,4.72,177066,410321691.0,14.38,11.88,0.57,5.41
2012-08-24,6.0,6.0,6.0,6.0,26029,69262051.0,0.0,11.73,0.63,0.8
2012-08-31,6.25,6.56,6.74,5.96,786951,2191499920.0,13.0,9.33,0.56,24.06
2012-09-07,6.62,6.73,6.93,6.31,560049,1625730698.0,9.45,2.59,0.17,17.12
2012-09-14,6.69,6.52,7.02,6.26,310454,903102565.0,11.29,-3.12,-0.21,9.49
2012-09-21,6.5,6.32,6.5,6.09,182763,507263114.0,6.29,-3.07,-0.2,5.59
2012-09-28,6.28,6.47,6.82,6.0,278141,783993079.0,12.97,2.37,0.15,8.5
2012-10-12,6.57,6.81,7.12,6.47,273319,814402240.0,10.05,5.26,0.34,8.36
2012-10-19,6.85,6.73,6.92,6.42,179517,525362923.0,7.34,-1.17,-0.08,5.49
2012-10-26,6.74,6.25,6.79,6.18,117480,336292279.0,9.06,-7.13,-0.48,3.59
2012-11-02,6.26,6.76,6.81,6.23,138731,395487868.0,9.28,8.16,0.51,4.24
2012-11-09,6.74,6.57,7.14,6.47,326192,979851353.0,9.91,-2.81,-0.19,9.97
2012-11-16,6.6,6.28,6.72,6.13,135775,382493689.0,8.98,-4.41,-0.29,4.15
2012-11-23,6.28,6.12,6.47,6.04,112673,310814740.0,6.85,-2.55,-0.16,3.44
2012-11-30,6.1,5.41,6.22,5.19,236442,586286541.0,16.83,-11.6,-0.71,7.23
2012-12-07,5.46,5.91,5.97,5.27,173837,440539996.0,12.94,9.24,0.5,5.31
2012-12-14,5.89,6.03,6.15,5.56,143709,376364378.0,9.98,2.03,0.12,4.39
2012-12-21,6.02,6.29,6.36,5.37,241873,639582038.0,16.42,4.31,0.26,7.39
2012-12-28,6.29,6.8,6.8,6.24,249597,718498358.0,8.9,8.11,0.51,7.63
2013-01-04,6.88,6.56,7.04,6.51,122135,362264854.0,7.79,-3.53,-0.24,3.7
2013-01-11,6.54,6.73,7.2,6.36,250986,748967972.0,12.8,2.59,0.17,7.59
2013-01-18,6.62,6.96,7.31,6.6,283116,864229414.0,10.55,3.42,0.23,8.57
2013-01-25,6.96,6.62,7.06,6.4,190590,562282076.0,9.48,-4.89,-0.34,5.77
2013-02-01,6.62,6.69,6.93,6.31,232746,673714009.0,9.37,1.06,0.07,7.04
2013-02-08,6.72,8.17,8.32,6.45,652201,2076916633.0,27.95,22.12,1.48,19.73
2013-02-22,8.2,7.75,8.32,7.67,366725,1259079731.0,7.96,-5.14,-0.42,11.1
2013-03-01,7.82,8.1,8.22,7.52,245695,825302688.0,9.03,4.52,0.35,7.43
2013-03-08,8.0,7.92,8.55,7.62,315423,1093673153.0,11.48,-2.22,-0.18,9.54
2013-03-15,7.85,7.51,8.13,7.23,227845,745856336.0,11.36,-5.18,-0.41,6.89
2013-03-22,7.51,8.02,8.27,7.36,206309,691980782.0,12.12,6.79,0.51,6.24
2013-03-29,8.01,8.47,8.73,7.9,312471,1117102050.0,10.35,5.61,0.45,9.45
2013-04-03,8.45,8.26,8.67,7.96,141049,498671475.0,8.38,-2.48,-0.21,4.27
2013-04-12,8.08,8.3,9.08,7.99,317970,1167718456.0,13.2,0.48,0.04,9.62
2013-04-19,8.23,8.72,8.82,8.11,218216,796937554.0,8.55,5.06,0.42,6.6
2013-04-26,8.72,8.83,9.29,8.45,379854,1439027852.0,9.63,1.26,0.11,11.48
2013-05-03,8.83,8.93,9.27,8.77,146576,561781823.0,5.66,1.13,0.1,4.43
2013-05-10,9.04,9.26,9.81,8.8,480100,1899990089.0,11.31,3.7,0.33,14.51
2013-05-17,9.24,9.28,9.63,9.0,308641,1206003946.0,6.8,0.22,0.02,9.33
2013-05-24,9.24,9.75,9.92,9.03,463812,1873897920.0,9.59,5.06,0.47,14.02
2013-05-31,9.92,11.03,11.29,9.68,594596,2603401312.0,16.51,13.13,1.28,17.97
2013-06-07,11.03,10.66,11.15,9.75,507679,2214446624.0,12.69,-3.35,-0.37,15.34
2013-06-14,10.47,11.47,11.47,9.89,246795,1122356336.0,14.82,7.6,0.81,7.46
2013-06-21,11.54,11.14,11.86,10.38,495653,2311408800.0,12.9,-2.88,-0.33,14.98
2013-06-28,11.15,11.12,11.94,9.39,878634,4017016256.0,22.89,-0.18,-0.02,26.56
2013-07-05,11.07,11.66,12.42,10.94,593043,2921441440.0,13.31,4.86,0.54,17.92
2013-07-12,11.45,12.58,12.89,11.36,463879,2337331568.0,13.12,7.89,0.92,14.02
2013-07-19,12.82,13.94,14.68,12.8,520731,2944384384.0,14.94,10.81,1.36,15.74
2013-07-26,13.77,14.99,15.59,13.69,485799,2893571712.0,13.63,7.53,1.05,14.68
2013-08-02,14.86,14.1,15.12,12.94,555151,3151608560.0,14.54,-5.94,-0.89,16.78
2013-08-09,14.11,13.08,14.48,12.74,553121,3065917536.0,12.34,-7.23,-1.02,16.72
2013-08-16,12.85,11.55,13.05,11.33,889023,4542065312.0,13.15,-11.7,-1.53,26.87
2013-08-23,11.56,11.79,12.06,10.75,871514,4135728032.0,11.34,2.08,0.24,26.34
2013-08-30,11.79,11.27,12.34,11.09,768778,3741654128.0,10.6,-4.41,-0.52,23.24
2013-09-06,11.07,12.03,12.24,10.99,541012,2596780768.0,11.09,6.74,0.76,16.35
2013-09-13,12.17,10.89,12.39,10.48,660894,3089888944.0,15.88,-9.48,-1.14,19.98
2013-09-18,10.84,10.95,11.27,10.55,240935,1096796465.0,6.61,0.55,0.06,7.28
2013-09-27,11.08,11.63,12.2,10.92,560674,2726361504.0,11.69,6.21,0.68,16.95
2013-09-30,11.69,11.53,11.81,11.13,106604,503951760.0,5.85,-0.86,-0.1,3.22
2013-10-11,11.65,12.78,13.1,11.65,608438,3152392864.0,12.58,10.84,1.25,18.39
2013-10-18,12.89,11.33,13.17,11.11,509798,2525390848.0,16.12,-11.35,-1.45,15.41
2013-10-25,11.4,10.11,11.98,9.96,619219,2773417744.0,17.83,-10.77,-1.22,18.72
2013-11-01,10.22,10.31,10.98,10.06,334717,1477967631.0,9.1,1.98,0.2,10.12
2013-11-08,10.32,10.14,10.87,10.06,193821,846739325.0,7.86,-1.65,-0.17,5.86
2013-11-15,10.14,10.58,10.8,9.92,181039,781626524.0,8.68,4.34,0.44,5.47
2013-11-22,10.58,10.58,10.96,10.54,249188,1111929481.0,3.97,0.0,0.0,7.53
2013-11-29,10.54,11.31,11.63,10.54,334826,1550312425.0,10.3,6.9,0.73,10.12
2013-12-06,11.28,10.95,11.77,10.77,386299,1817283031.0,8.84,-3.18,-0.36,11.68
2013-12-13,11.16,11.92,12.1,11.05,373598,1802097658.0,9.59,8.86,0.97,11.29
2013-12-20,11.86,10.94,11.94,10.91,228073,1076968694.0,8.64,-8.22,-0.98,6.89
2013-12-27,10.93,11.41,11.46,10.56,236373,1094945544.0,8.23,4.3,0.47,7.14
2014-01-03,11.51,11.38,11.77,11.19,220507,1045439134.0,5.08,-0.26,-0.03,6.66
2014-01-10,11.3,10.96,11.37,10.72,262772,1201447359.0,5.71,-3.69,-0.42,7.94
2014-01-17,10.94,12.02,12.23,10.81,416141,2007171058.0,12.96,9.67,1.06,12.58
2014-01-24,12.02,12.22,12.55,11.84,372860,1870635408.0,5.91,1.66,0.2,11.27
2014-01-30,12.1,13.28,13.67,11.71,462448,2409956753.0,16.04,8.67,1.06,13.98
2014-02-07,13.17,13.46,13.66,13.09,99014,541826528.0,4.29,1.36,0.18,2.99
2014-02-14,13.48,13.04,14.03,12.41,527573,2868846016.0,12.04,-3.12,-0.42,15.95
2014-02-21,13.14,13.5,13.9,12.55,372975,2027171424.0,10.35,3.53,0.46,11.27
2014-02-28,13.39,12.28,13.81,11.96,414557,2161814944.0,13.7,-9.04,-1.22,12.53
2014-03-07,12.28,12.18,12.77,12.1,260129,1332574702.0,5.46,-0.81,-0.1,7.86
2014-03-14,11.97,11.36,11.97,10.32,315415,1456296881.0,13.55,-6.73,-0.82,9.53
2014-03-21,11.34,10.98,11.89,10.34,240753,1114998745.0,13.64,-3.35,-0.38,7.22
2014-03-28,10.9,10.77,11.54,10.45,201425,921455703.0,9.93,-1.91,-0.21,6.04
2014-04-04,10.77,11.25,11.27,10.69,140293,637770442.0,5.39,4.46,0.48,4.21
2014-04-11,11.24,11.59,11.75,11.01,178372,842772226.0,6.58,3.02,0.34,5.25
2014-04-18,11.59,11.1,11.68,11.09,223347,726026303.0,5.09,-4.23,-0.49,3.87
2014-04-25,10.95,10.03,10.95,9.96,368186,933229521.0,8.92,-9.64,-1.07,6.37
2014-04-30,9.89,10.24,10.57,9.82,191756,480799786.0,7.48,2.09,0.21,3.32
2014-05-09,10.27,9.96,10.62,9.89,331744,832590601.0,7.13,-2.73,-0.28,5.74
2014-05-16,10.11,9.09,10.18,9.05,331493,786541985.0,11.35,-8.73,-0.87,5.74
2014-05-23,8.96,9.44,9.44,8.69,312936,701766453.0,8.25,3.85,0.35,5.42
2014-05-30,9.52,9.67,10.02,9.33,425497,1008519338.0,7.31,2.44,0.23,7.36
2014-06-06,9.67,9.44,9.91,9.27,266676,625926024.0,6.62,-2.38,-0.23,4.61
2014-06-13,9.41,9.53,9.68,9.22,377790,879529886.0,4.87,0.95,0.09,6.54
2014-06-20,9.6,11.29,11.58,9.54,1290825,3381630320.0,21.41,18.47,1.76,22.34
2014-06-27,11.29,11.16,11.58,10.67,867774,2353373520.0,8.06,-1.15,-0.13,15.02
2014-07-04,11.13,11.9,12.2,10.8,976341,2726059680.0,12.54,6.63,0.74,16.88
2014-07-11,11.87,10.69,11.87,10.59,773066,2094702313.0,10.76,-10.17,-1.21,13.36
2014-07-18,10.65,10.29,10.74,10.24,382776,974068574.0,4.68,-3.74,-0.4,6.62
2014-07-25,10.3,9.59,10.46,9.04,576004,1388863382.0,13.8,-6.8,-0.7,9.96
2014-08-01,9.66,10.21,10.49,9.53,572493,1418405222.0,10.01,6.47,0.62,9.9
2014-08-08,10.24,10.23,10.4,10.06,453467,1131849243.0,3.33,0.2,0.02,7.84
2014-08-15,10.37,11.04,11.13,10.34,826351,2169317744.0,7.72,7.92,0.81,14.28
2014-08-22,11.07,11.33,11.69,11.07,880866,2425712320.0,5.62,2.63,0.29,15.23
2014-08-29,11.41,10.88,11.42,10.6,479812,1266857866.0,7.24,-3.97,-0.45,8.29
2014-09-05,10.93,11.85,12.08,10.88,1112401,3124310048.0,11.03,8.92,0.97,19.23
2014-09-12,11.97,11.67,12.1,11.51,632482,1791856592.0,4.98,-1.52,-0.18,10.93
2014-09-19,11.58,11.28,11.83,10.97,733893,2014590209.0,7.37,-3.34,-0.39,12.69
2014-09-26,11.28,13.02,13.27,10.94,1568039,4571030704.0,20.66,15.43,1.74,27.11
2014-09-30,13.0,13.04,13.64,12.75,531942,1677650032.0,6.84,0.15,0.02,9.2
2014-10-10,13.16,12.76,13.23,12.42,589020,1809082816.0,6.21,-2.15,-0.28,10.18
2014-10-17,12.69,12.16,12.69,11.85,738298,2195921648.0,6.58,-4.7,-0.6,12.76
2014-10-24,12.23,12.2,13.44,12.16,1000469,3084847392.0,10.53,0.33,0.04,17.29
2014-10-31,12.42,12.34,13.04,12.19,690836,2095310576.0,6.97,1.15,0.14,11.94
2014-11-06,12.21,12.29,12.53,11.9,465423,1363967957.0,5.11,-0.41,-0.05,8.05
2014-11-14,12.72,11.68,13.49,11.29,746119,2226443568.0,17.9,-4.96,-0.61,12.9
2014-11-21,11.8,12.16,12.4,11.62,556230,1618010390.0,6.68,4.11,0.48,9.62
2014-11-28,12.34,12.8,12.95,11.92,1123452,3367959872.0,8.47,5.26,0.64,19.42
2014-12-05,12.78,12.12,12.92,11.92,1109281,3348647968.0,7.81,-5.31,-0.68,19.18
2014-12-12,12.12,12.48,12.59,11.59,982001,2865409520.0,8.25,2.97,0.36,16.98
2014-12-19,12.47,12.13,13.5,11.97,1288247,3966454560.0,12.26,-2.8,-0.35,22.27
2014-12-26,11.98,11.88,12.17,11.58,672464,1923911718.0,4.86,-2.06,-0.25,11.62
2014-12-31,11.77,10.98,11.77,10.64,525008,1421767568.0,9.51,-7.58,-0.9,8.93
2015-01-09,10.99,11.18,11.56,10.7,595023,1618835841.0,7.83,1.82,0.2,10.12
2015-01-16,11.17,11.95,12.11,11.0,781628,2208807973.0,9.93,6.89,0.77,13.29
2015-01-23,11.71,14.28,15.11,11.53,2811096,9107993424.0,29.96,19.5,2.33,47.81
2015-01-30,14.24,13.36,15.36,13.27,1748369,6016830960.0,14.64,-6.44,-0.92,29.73
2015-02-06,13.13,13.69,15.08,13.02,1378744,4661038144.0,15.42,2.47,0.33,23.45
2015-02-13,13.76,15.94,16.11,13.29,1528310,5378824304.0,20.6,16.44,2.25,25.99
2015-02-17,16.16,17.4,17.76,16.16,920031,3769060960.0,10.04,9.16,1.46,15.65
2015-02-27,17.17,16.87,17.92,16.16,912074,3659284752.0,10.11,-3.05,-0.53,15.51
2015-03-06,16.82,17.09,19.58,16.33,1836277,7675868528.0,19.26,1.3,0.22,31.23
2015-03-13,17.09,18.24,18.49,16.91,1199697,5011079728.0,9.25,6.73,1.15,20.4
2015-03-20,18.69,19.82,20.64,18.47,1810253,8348424960.0,11.9,8.66,1.58,30.53
2015-03-27,19.84,21.52,22.47,19.82,1879772,9333965024.0,13.37,8.58,1.7,31.71
2015-04-03,21.62,24.02,25.13,20.97,1514967,8142974624.0,19.33,11.62,2.5,25.55
2015-04-10,24.55,26.98,27.4,23.36,1529435,9074483552.0,16.82,12.32,2.96,25.8
2015-04-13,26.91,29.38,29.73,26.42,380381,2511563680.0,12.27,8.9,2.4,6.42
2015-04-30,32.4,31.8,33.87,29.55,1956689,9648833312.0,14.7,8.24,2.42,21.96
2015-05-08,31.77,31.45,31.83,28.45,2248174,10304006608.0,10.63,-1.1,-0.35,25.23
2015-05-15,31.77,32.52,35.56,30.8,2355077,12178187712.0,15.14,3.4,1.07,26.43
2015-05-22,32.23,36.43,38.03,31.93,2556109,13994778336.0,18.76,12.02,3.91,28.69
2015-05-29,35.85,33.4,39.18,31.45,2729607,15032342192.0,21.22,-8.32,-3.03,30.64
2015-06-05,33.73,35.07,39.03,33.51,2762326,15330181088.0,16.53,5.0,1.67,31.01
2015-06-12,34.53,33.66,35.57,32.69,2157907,11194712752.0,8.21,-4.02,-1.41,24.22
2015-06-19,34.07,26.17,34.75,26.14,2099124,9792333424.0,25.58,-22.25,-7.49,23.49
2015-06-26,26.27,22.73,27.67,22.73,1477411,5881159728.0,18.88,-13.14,-3.44,16.53
2015-07-03,23.07,23.91,25.2,18.25,4013196,13968698816.0,30.58,5.19,1.18,44.88
2015-07-07,26.38,21.28,26.38,21.28,1729312,6271748480.0,21.33,-11.0,-2.63,19.34
2015-07-17,23.49,25.33,26.53,21.07,2204277,8253145676.0,25.66,19.03,4.05,24.66
2015-07-24,25.53,26.83,28.68,25.04,3111523,12906196112.0,14.37,5.92,1.5,34.82
2015-07-31,25.87,24.05,26.8,21.6,2477698,9252274736.0,19.38,-10.36,-2.78,27.72
2015-08-07,23.53,24.72,25.54,21.92,1799207,6694347696.0,15.05,2.79,0.67,20.13
2015-08-14,24.91,25.61,26.72,24.46,1972156,7802018464.0,9.14,3.6,0.89,22.07
2015-08-21,25.71,22.41,26.6,21.87,2282127,8626472176.0,18.47,-12.5,-3.2,25.15
2015-08-28,21.2,18.26,21.52,14.79,2215218,6071120352.0,30.03,-18.52,-4.15,24.42
2015-09-02,18.2,16.53,18.2,15.22,1186769,3138629760.0,16.32,-9.47,-1.73,13.08
2015-09-11,17.03,18.92,19.87,16.67,1549282,4465709776.0,19.36,14.46,2.39,17.08
2015-09-18,19.17,17.0,19.18,15.17,1392817,3684583920.0,21.19,-10.15,-1.92,15.35
2015-09-25,16.6,16.94,18.73,16.55,1253320,3512144512.0,12.82,-0.35,-0.06,13.81
2015-09-30,17.19,17.07,17.91,16.77,544584,1481729712.0,6.73,0.77,0.13,6.0
2015-10-09,17.93,19.6,19.83,17.67,706414,2057459216.0,12.65,14.82,2.53,7.79
2015-10-16,19.81,21.56,22.02,19.61,1778773,5784561520.0,12.3,10.0,1.96,19.61
2015-10-23,21.66,25.42,26.09,21.0,3475262,13001918256.0,23.61,17.9,3.86,38.31
2015-10-30,25.53,24.1,27.07,23.4,2579887,10083721648.0,14.44,-5.19,-1.32,28.44
2015-11-06,23.2,25.17,25.36,22.53,2055952,7679724448.0,11.74,4.44,1.07,22.66
2015-11-13,25.19,23.95,27.0,23.91,2336976,9198125600.0,12.28,-4.85,-1.22,25.76
2015-11-20,23.53,25.25,26.05,23.2,2448669,9376742032.0,11.9,5.43,1.3,26.99
2015-11-27,24.42,22.66,25.33,21.88,1929126,7262104976.0,13.66,-10.26,-2.59,21.26
2015-12-04,22.53,22.83,23.37,21.13,1066606,3739056496.0,9.89,0.75,0.17,11.76
2015-12-11,22.9,22.37,23.5,21.87,877471,3111776992.0,7.14,-2.01,-0.46,9.67
2015-12-18,22.16,24.87,25.53,22.03,1617684,6082435712.0,15.65,11.18,2.5,17.83
2015-12-25,25.0,24.21,25.17,23.97,1494984,5668350720.0,4.83,-2.65,-0.66,16.48
2015-12-31,24.33,23.9,24.98,23.53,991211,3717621312.0,5.99,-1.28,-0.31,10.91
2016-01-08,23.84,18.15,23.84,16.77,1481886,4629366427.0,29.58,-24.06,-5.75,16.31
2016-01-15,17.51,17.0,18.03,15.73,1458562,3912180768.0,12.67,-6.34,-1.15,16.06
2016-01-22,16.67,16.98,18.29,16.45,1239148,3408362192.0,10.82,-0.12,-0.02,13.64
2016-01-29,17.2,16.07,17.64,14.77,1066921,2711658048.0,16.9,-5.36,-0.91,11.75
2016-02-05,16.07,17.05,17.6,15.6,860609,2267253824.0,12.45,6.1,0.98,9.47
2016-02-19,16.53,19.36,20.13,16.53,1975479,5892793344.0,21.11,13.55,2.31,21.75
2016-02-26,19.79,17.35,20.67,17.03,1659281,4928382880.0,18.8,-10.38,-2.01,18.27
2016-03-04,16.8,16.6,18.12,15.8,1306228,3470346464.0,13.37,-4.32,-0.75,14.38
2016-03-11,16.99,17.07,18.67,16.2,1367612,3743871840.0,14.88,2.83,0.47,14.97
2016-03-15,17.39,17.82,18.51,17.27,668078,1889471152.0,7.26,4.39,0.75,7.31
2016-05-20,17.93,17.54,19.29,17.04,1366326,3891708176.0,12.63,-1.57,-0.28,12.36
2016-05-27,17.6,17.65,18.71,17.27,1236333,3489026320.0,8.21,0.63,0.11,11.18
2016-06-03,17.41,19.94,20.73,17.07,1935733,5711454304.0,20.74,12.97,2.29,17.51
2016-06-08,22.0,21.91,22.31,20.35,1963474,6474810240.0,9.83,9.88,1.97,17.76
2016-06-17,21.47,20.89,22.31,19.45,2237984,7291969536.0,13.05,-4.66,-1.02,20.24
2016-06-24,20.7,20.14,21.23,19.49,1415785,4504389664.0,8.33,-3.59,-0.75,12.81
2016-07-01,20.0,20.83,21.45,19.94,1371621,4452678944.0,7.5,3.43,0.69,12.54
2016-07-08,20.82,20.47,21.33,20.03,1170952,3769682720.0,6.24,-1.73,-0.36,10.71
2016-07-15,20.46,20.75,21.19,19.51,1383571,4392378320.0,8.21,1.37,0.28,12.65
2016-07-20,20.93,20.36,20.93,20.0,520847,1650058144.0,4.48,-1.88,-0.39,4.76
2016-07-29,19.4,18.6,19.92,18.39,642990,1913395984.0,7.51,-8.64,-1.76,5.88
2016-08-05,18.5,18.59,18.96,17.94,588921,1696858377.0,5.48,-0.05,-0.01,5.38
2016-08-12,18.59,18.47,19.07,18.25,630261,1841547040.0,4.41,-0.65,-0.12,5.76
2016-08-19,18.87,19.66,19.99,18.5,1113280,3378215600.0,8.07,6.44,1.19,10.17
2016-08-26,19.67,19.56,20.24,19.33,1024745,3153854512.0,4.63,-0.51,-0.1,8.81
2016-09-02,19.47,19.09,19.65,19.03,546233,1648735760.0,3.17,-2.4,-0.47,4.7
2016-09-09,19.15,19.11,19.81,18.95,599058,1808542603.0,4.5,0.1,0.02,5.15
2016-09-14,18.6,18.66,19.03,18.41,352490,1024777032.0,3.24,-2.35,-0.45,3.03
2016-09-23,18.75,18.62,19.03,18.61,329660,966408881.0,2.25,-0.21,-0.04,2.83
2016-09-30,18.59,18.22,18.69,18.0,345344,985305381.0,3.71,-2.15,-0.4,2.97
2016-10-14,18.39,18.81,19.0,18.39,450859,1317348322.0,3.35,3.24,0.59,3.87
2016-10-21,18.83,19.27,19.63,18.37,1107450,3303376259.0,6.7,2.45,0.46,9.52
2016-10-28,19.93,19.21,20.25,19.21,1283470,3961901904.0,5.4,-0.31,-0.06,11.02
2016-11-04,19.2,19.18,19.67,19.01,680770,2051374176.0,3.44,-0.16,-0.03,5.84
2016-11-11,19.19,19.17,19.33,18.61,587563,1746168992.0,3.75,-0.05,-0.01,5.04
2016-11-18,19.27,19.34,19.9,19.25,721658,2188765925.0,3.39,0.89,0.17,6.19
2016-11-25,19.43,19.22,19.65,18.77,660752,1987863840.0,4.55,-0.62,-0.12,5.66
2016-12-02,19.37,18.67,19.39,18.67,515122,1526349660.0,3.75,-2.86,-0.55,4.41
2016-12-09,18.59,18.28,18.9,18.25,419035,1212639469.0,3.48,-2.09,-0.39,3.59
2016-12-16,18.24,17.84,18.24,17.39,552975,1530548423.0,4.65,-2.41,-0.44,4.73
2016-12-23,17.8,17.23,17.8,17.21,318830,874123014.0,3.31,-3.42,-0.61,2.72
2016-12-30,17.2,17.33,17.43,16.75,296200,795535848.0,3.95,0.58,0.1,2.53
2017-01-06,17.46,17.79,18.49,17.4,448621,1254877615.0,6.29,2.65,0.46,3.86
2017-01-13,17.81,17.33,18.2,17.29,369996,1029115918.0,5.12,-2.59,-0.46,3.18
2017-01-20,17.25,17.1,17.25,16.13,361840,961911118.0,6.46,-1.33,-0.23,3.11
2017-01-26,17.1,17.29,17.41,17.04,167136,450093923.0,2.16,1.11,0.19,1.44
2017-02-03,17.41,17.97,18.12,17.31,171858,480025376.0,4.68,3.93,0.68,1.48
2017-02-10,17.99,18.9,19.6,17.79,1376202,4083095936.0,10.07,5.18,0.93,11.83
2017-02-17,18.81,18.73,19.38,18.69,792053,2337121728.0,3.65,-0.9,-0.17,6.81
2017-02-24,18.8,19.77,20.13,18.75,1259768,3844342336.0,7.37,5.55,1.04,10.83
2017-03-03,19.72,19.81,20.31,19.34,1060822,3274475344.0,4.91,0.2,0.04,9.12
2017-03-10,20.27,22.08,22.68,19.95,3437167,11536607584.0,13.78,11.46,2.27,29.54
2017-03-17,22.59,21.67,23.25,21.6,2350920,8115700224.0,7.47,-1.86,-0.41,20.21
2017-03-24,21.67,23.45,23.73,21.31,2675353,9424979440.0,11.17,8.21,1.78,22.99
2017-03-31,23.39,22.67,23.79,22.27,1587280,5615944688.0,6.48,-3.33,-0.78,13.64
2017-04-07,22.53,22.71,23.4,22.5,927389,3307019776.0,3.97,0.18,0.04,7.97
2017-04-14,22.69,20.98,22.69,20.75,1460836,4845819264.0,8.54,-7.62,-1.73,12.56
2017-04-21,20.91,19.71,21.27,19.4,1190806,3707466144.0,8.91,-6.05,-1.27,10.23
2017-04-28,19.83,20.47,20.93,19.21,1028360,3213066768.0,8.73,3.86,0.76,8.84
2017-05-05,20.42,19.65,20.73,19.55,627732,1965903344.0,5.76,-4.01,-0.82,5.4
2017-05-12,19.59,18.2,19.99,17.37,1270839,3666929808.0,13.33,-7.38,-1.45,10.92
2017-05-19,18.47,18.9,19.51,18.47,1035427,3058454704.0,5.71,3.85,0.7,8.78
2017-05-26,18.89,19.27,19.55,17.92,954933,2794032240.0,8.62,1.96,0.37,8.1
2017-06-02,19.57,19.43,19.91,18.41,579957,1740265712.0,7.78,0.83,0.16,4.92
2017-06-09,19.49,20.23,20.41,19.39,1013681,3133715024.0,5.25,4.12,0.8,8.6
2017-06-16,20.13,20.5,20.87,19.61,879287,2763929008.0,6.23,1.33,0.27,7.46
2017-06-23,20.54,21.75,22.6,20.47,1568368,5170833328.0,10.39,6.1,1.25,13.31
2017-06-30,21.93,25.93,27.05,21.93,4148220,15809500736.0,23.54,19.22,4.18,35.23
2017-07-07,26.2,28.1,29.3,25.94,5321990,22792916928.0,12.96,8.37,2.17,45.19
2017-07-14,28.01,25.43,28.79,25.02,4876670,19952225536.0,13.42,-9.5,-2.67,41.41
2017-07-21,25.35,29.89,31.28,24.11,5368173,23017860256.0,28.2,17.54,4.46,45.58
2017-07-28,30.13,30.97,32.19,28.31,4563408,21090872688.0,12.98,3.61,1.08,38.75
2017-08-04,30.8,29.75,32.6,29.19,3806649,18107397616.0,11.01,-3.94,-1.22,32.32
2017-08-11,29.86,31.31,33.27,29.37,3601220,17390498976.0,13.11,5.24,1.56,30.58
2017-08-18,31.89,39.33,41.88,31.89,6242739,35354451456.0,31.91,25.61,8.02,53.01
2017-08-25,38.89,40.65,41.59,38.0,4748528,28754088480.0,9.13,3.36,1.32,40.32
2017-09-01,41.0,38.17,42.51,36.43,5269915,30780575584.0,14.96,-6.1,-2.48,44.75
2017-09-08,37.85,36.13,39.57,35.85,4244566,24665160960.0,9.75,-5.34,-2.04,36.04
2017-09-15,35.71,34.67,37.33,34.56,2798986,15381323152.0,7.67,-4.04,-1.46,23.77
2017-09-22,34.93,34.71,37.1,34.21,2542317,13901724752.0,8.34,0.12,0.04,21.59
2017-09-29,34.93,35.1,35.75,33.45,1952909,10376243200.0,6.63,1.12,0.39,16.58
2017-10-13,35.67,36.37,37.32,35.43,2112647,11691954544.0,5.38,3.62,1.27,17.94
2017-10-20,36.93,32.69,36.94,31.53,2241027,11392828800.0,14.87,-10.12,-3.68,19.03
2017-10-27,32.87,32.47,33.51,32.13,1363652,6866754688.0,4.22,-0.67,-0.22,11.58
2017-11-03,32.67,37.33,38.65,31.92,3382235,18486297648.0,20.73,14.97,4.86,28.72
2017-11-10,37.41,38.19,39.92,36.87,3076371,18137153680.0,8.17,2.3,0.86,26.12
2017-11-17,38.0,44.1,46.47,37.78,5574042,36647703296.0,22.75,15.48,5.91,47.33
2017-11-24,44.67,41.49,49.17,41.33,4294600,29609639168.0,17.78,-5.92,-2.61,36.47
2017-12-01,41.67,45.16,45.87,39.94,3330682,21905212448.0,14.29,8.85,3.67,28.28
2017-12-08,45.3,39.67,45.3,39.67,2878483,18352419840.0,12.47,-12.16,-5.49,24.44
2017-12-15,39.63,40.13,41.46,39.34,2196550,13580315344.0,5.34,1.16,0.46,18.57
2017-12-22,41.01,40.51,41.26,38.33,1983964,12037949584.0,7.3,0.95,0.38,16.77
2017-12-29,40.33,38.76,40.85,38.42,1340838,8099638016.0,6.0,-4.32,-1.75,11.33
2018-01-05,39.33,40.63,41.72,38.6,1460617,9018423920.0,8.05,4.82,1.87,12.2
2018-01-12,40.68,42.55,44.27,39.11,2333687,14809738608.0,12.7,4.73,1.92,19.49
2018-01-19,42.73,40.44,43.64,39.39,2152334,13702850512.0,9.99,-4.96,-2.11,17.98
2018-01-26,40.48,39.47,41.25,38.67,1565477,9613744832.0,6.38,-2.4,-0.97,13.08
2018-02-02,39.75,34.5,40.21,33.55,1680937,9439237120.0,16.87,-12.59,-4.97,14.04
2018-02-09,33.33,30.95,34.05,29.87,1725438,8358761440.0,12.12,-10.29,-3.55,14.41
2018-02-14,31.87,32.63,33.15,31.45,743324,3701784896.0,5.49,5.43,1.68,6.21
2018-02-23,33.12,34.87,35.58,32.75,614707,3247066352.0,8.67,6.86,2.24,5.13
2018-03-02,35.2,36.38,37.5,35.2,1726574,9607224160.0,6.6,4.33,1.51,14.42
2018-03-09,37.19,38.08,39.3,36.4,1737732,10022787184.0,7.97,4.67,1.7,14.51
2018-03-16,39.52,40.33,41.79,39.01,2422645,14915869440.0,7.3,5.91,2.25,20.24
2018-03-23,40.48,35.48,41.75,34.89,2158520,12886235184.0,17.01,-12.03,-4.85,18.03
2018-03-30,35.13,39.89,40.21,34.87,1974978,11572667952.0,15.05,12.43,4.41,16.44
2018-04-04,40.67,37.39,40.8,37.25,1102567,6549294432.0,8.9,-6.27,-2.5,9.18
2018-04-13,37.39,37.29,38.57,36.46,1128572,6484142656.0,5.64,-0.27,-0.1,9.39
2018-04-20,36.87,36.78,38.8,35.27,1568947,8912824096.0,9.47,-1.37,-0.51,13.06
2018-04-27,37.26,34.52,38.61,33.84,1907422,10729173424.0,12.97,-6.14,-2.26,15.88
2018-05-04,34.67,35.47,36.18,33.97,581031,3122745472.0,6.4,2.75,0.95,4.8
2018-05-11,36.23,36.27,36.97,35.75,983097,5475097616.0,3.44,2.26,0.8,8.12
2018-05-18,36.7,36.56,38.75,35.91,1971945,7497337216.0,7.83,0.8,0.29,10.86
2018-05-25,37.04,35.81,37.65,35.51,1260744,4727179952.0,5.85,-2.05,-0.75,6.95
2018-06-01,35.69,37.05,38.68,34.17,1646274,6056771760.0,12.59,3.46,1.24,9.07
2018-06-08,37.37,35.87,37.86,35.55,1564352,5881751648.0,6.23,-3.18,-1.18,8.62
2018-06-15,35.87,34.91,36.2,34.68,974195,3512489936.0,4.24,-2.68,-0.96,5.37
2018-06-22,34.79,30.25,34.79,28.95,1729932,5507373216.0,16.73,-13.35,-4.66,9.53
2018-06-29,30.71,31.47,31.55,28.9,1389520,4313434768.0,8.76,4.03,1.22,7.66
2018-07-06,31.68,30.44,32.78,29.9,1635329,5228302672.0,9.15,-3.27,-1.03,9.01
2018-07-13,30.89,32.04,32.4,30.26,1487889,4768480592.0,7.03,5.26,1.6,8.2
2018-07-20,32.3,31.01,32.54,30.26,1138679,3627062144.0,7.12,-3.21,-1.03,6.27
2018-07-27,30.96,31.4,32.95,30.75,1472171,4791574576.0,7.09,1.26,0.39,8.11
2018-08-03,31.38,28.53,32.04,28.4,1240250,3826101920.0,11.59,-9.14,-2.87,6.83
2018-08-10,28.41,29.47,29.71,26.33,1923165,5466410816.0,11.85,3.29,0.94,10.6
2018-08-17,29.1,28.2,30.29,28.01,1678943,5011204208.0,7.74,-4.31,-1.27,9.24
2018-08-24,27.9,28.56,29.59,27.7,1341169,3936347280.0,6.7,1.28,0.36,7.38
2018-08-31,28.8,30.65,31.75,28.66,2428170,7551632304.0,10.82,7.32,2.09,13.36
2018-09-07,30.4,30.27,31.74,29.85,1935359,6105234640.0,6.17,-1.24,-0.38,10.65
2018-09-14,30.2,28.85,30.2,28.3,1229488,3639669920.0,6.28,-4.69,-1.42,6.76
2018-09-21,28.85,29.5,29.97,28.31,1344737,4011512480.0,5.75,2.25,0.65,7.4
2018-09-28,28.2,27.97,28.78,27.51,1120067,3225515648.0,4.31,-5.19,-1.53,6.16
2018-10-12,27.28,22.51,27.46,21.23,1629763,4081748800.0,22.27,-19.52,-5.46,8.97
2018-10-19,22.4,20.78,22.85,19.2,2564775,5431315040.0,16.22,-7.69,-1.73,14.11
2018-10-26,21.2,21.6,23.48,20.7,2298803,5217110192.0,13.38,3.95,0.82,12.65
2018-11-02,21.65,24.15,24.34,20.4,2822931,6754045680.0,18.24,11.81,2.55,15.53
2018-11-09,24.14,23.14,24.77,22.91,1831523,4452070432.0,7.7,-4.18,-1.01,10.08
2018-11-16,22.88,24.91,25.3,22.78,2058224,5118507904.0,10.89,7.65,1.77,11.32
2018-11-23,24.88,24.2,25.54,23.51,2195689,5552351344.0,8.15,-2.85,-0.71,12.08
2018-11-30,24.2,24.02,25.13,23.34,1324909,3301689280.0,7.4,-0.74,-0.18,7.29
2018-12-07,25.19,23.88,25.2,23.81,1145919,2876893488.0,5.79,-0.58,-0.14,6.3
2018-12-14,23.6,24.14,25.15,23.41,1072548,2666136691.0,7.29,1.09,0.26,5.89
2018-12-21,24.0,22.65,24.36,22.38,1030512,2474959184.0,8.2,-6.17,-1.49,5.66
2018-12-28,22.63,24.04,24.51,22.45,1227351,2981448144.0,9.09,6.14,1.39,6.74
2019-01-04,24.03,26.53,26.86,24.01,1431243,3693676288.0,11.86,10.36,2.49,7.86
2019-01-11,26.89,28.37,29.68,26.6,2833668,8239755872.0,11.61,6.94,1.84,15.56
2019-01-18,28.8,27.53,29.58,27.04,1985528,5706591584.0,8.95,-2.96,-0.84,10.9
2019-01-25,27.81,27.6,28.37,27.19,1459155,4152865680.0,4.29,0.25,0.07,8.01
2019-02-01,28.05,27.9,28.95,25.5,1998233,5602440176.0,12.5,1.09,0.3,10.97
2019-02-15,28.28,29.56,30.48,28.24,2056856,6180133408.0,8.03,5.95,1.66,11.29
2019-02-22,30.13,30.09,30.96,29.12,2396141,7332209536.0,6.22,1.79,0.53,13.15
2019-03-01,31.66,35.23,38.53,30.86,4933181,17416593968.0,25.49,17.08,5.14,27.08
2019-03-08,36.7,37.25,40.17,35.25,5237181,19959190592.0,13.97,5.73,2.02,28.75
2019-03-15,38.2,35.4,39.38,34.32,4469408,16883411696.0,13.58,-4.97,-1.85,24.54
2019-03-22,34.65,35.81,37.25,34.16,2607655,9537126416.0,8.73,1.16,0.41,14.31
2019-03-29,34.95,35.69,36.34,33.61,2104934,7500292576.0,7.62,-0.34,-0.12,11.56
2019-04-04,36.2,36.7,38.2,36.2,2283108,8570357968.0,5.6,2.83,1.01,12.53
2019-04-12,36.8,34.43,36.97,33.96,1831609,6578949712.0,8.2,-6.19,-2.27,10.05
2019-04-19,34.91,34.4,35.5,33.25,1489246,5210433168.0,6.53,-0.09,-0.03,8.18
2019-04-26,34.4,32.39,34.65,32.38,1476521,5039218688.0,6.6,-5.84,-2.01,8.11
2019-04-30,32.38,31.71,32.75,31.24,490809,1593467136.0,4.66,-2.1,-0.68,2.69
2019-05-10,30.39,29.92,30.51,27.9,1610861,4781775104.0,8.23,-5.64,-1.79,8.84
2019-05-17,29.39,29.23,31.28,28.78,1396315,4232371360.0,8.36,-2.31,-0.69,7.67
2019-05-24,29.23,28.23,31.37,28.01,1880591,5702086416.0,11.5,-3.42,-1.0,10.17
2019-05-31,28.28,28.48,29.36,28.1,1049827,3083137824.0,4.46,0.89,0.25,5.68
2019-06-06,28.89,27.49,28.9,27.32,799152,2306625648.0,5.55,-3.48,-0.99,4.32
2019-06-14,27.52,28.03,29.28,27.4,1023017,2978208176.0,6.84,1.96,0.54,5.53
2019-06-21,28.1,31.87,32.08,28.0,2252047,6994031600.0,14.56,13.7,3.84,12.18
2019-06-28,31.5,32.64,33.38,30.05,2199396,7203857008.0,10.45,2.42,0.77,11.89
2019-07-05,33.75,33.67,34.75,33.1,1741317,6008989824.0,5.06,3.16,1.03,9.46
2019-07-12,33.5,32.39,33.97,31.91,1165502,3881106288.0,6.12,-3.8,-1.28,6.33
2019-07-19,32.19,31.65,33.46,31.39,1501942,4972703232.0,6.39,-2.28,-0.74,8.16
2019-07-26,31.81,33.22,33.53,30.74,1434561,4772046816.0,8.82,4.96,1.57,7.79
2019-08-02,33.28,31.38,33.32,30.75,1163687,3811638992.0,7.74,-5.54,-1.84,6.32
2019-08-09,31.23,29.01,31.88,28.81,1150195,3507041536.0,9.78,-7.55,-2.37,6.25
2019-08-16,29.16,31.51,31.96,29.0,1314620,4094925616.0,10.2,8.62,2.5,7.13
2019-08-23,31.85,31.52,32.98,31.45,1557506,5102496496.0,4.86,0.03,0.01,8.45
2019-08-30,30.89,32.3,33.74,30.54,2271795,7589277440.0,10.15,2.47,0.78,12.32
2019-09-06,32.34,34.16,34.99,32.02,2310327,7943134272.0,9.2,5.76,1.86,12.53
2019-09-12,34.46,33.98,35.47,33.61,1756093,6183214816.0,5.44,-0.53,-0.18,9.52
2019-09-20,34.09,33.25,34.54,32.46,1466125,4955639808.0,6.12,-2.15,-0.73,7.95
2019-09-27,33.25,32.04,34.2,31.7,1543203,5186941216.0,7.52,-3.64,-1.21,8.37
2019-09-30,32.05,31.26,32.1,31.26,207633,667961664.0,2.62,-2.43,-0.78,1.13
2019-10-11,30.39,33.28,33.76,29.99,1575881,5175441808.0,12.06,6.46,2.02,8.55
2019-10-18,34.0,34.17,35.48,32.43,2241309,7771672352.0,9.16,2.67,0.89,12.16
2019-10-25,34.1,32.81,34.58,32.21,1927275,6558859264.0,6.94,-3.98,-1.36,10.45
2019-11-01,33.05,33.02,33.72,32.1,1426632,4767696144.0,4.94,0.64,0.21,7.74
2019-11-08,33.15,34.0,34.56,32.72,1514102,5165023360.0,5.57,2.97,0.98,8.21
2019-11-15,33.76,32.29,34.17,32.0,1442355,4823578912.0,6.38,-5.03,-1.71,7.82
2019-11-22,32.2,33.58,34.71,32.18,1655949,5622158128.0,7.84,4.0,1.29,8.98
2019-11-29,33.56,32.46,33.67,32.11,1114628,3685972560.0,4.65,-3.34,-1.12,6.05
2019-12-06,32.46,31.92,32.9,31.37,1285316,4153475168.0,4.71,-1.66,-0.54,6.97
2019-12-13,31.96,32.2,32.87,31.57,1496066,4871358432.0,4.07,0.88,0.28,8.08
2019-12-20,32.4,32.93,33.79,32.3,1921005,6474048832.0,4.63,2.27,0.73,10.38
2019-12-27,33.25,33.8,35.35,32.49,2370181,8188747008.0,8.69,2.64,0.87,12.81
2020-01-03,33.8,34.16,35.04,33.1,1521761,5282037312.0,5.74,1.07,0.36,8.22
2020-01-10,33.8,35.76,37.13,33.71,3072648,11216415616.0,10.01,4.68,1.6,16.6
2020-01-17,35.85,35.46,36.78,35.3,1859786,6785733552.0,4.14,-0.84,-0.3,10.05
2020-01-23,35.5,34.69,36.48,33.9,1921706,6948040912.0,7.28,-2.17,-0.77,10.38
2020-02-07,31.17,38.36,39.3,31.17,6009203,22055341536.0,23.44,10.58,3.67,32.47
2020-02-14,38.61,37.86,39.2,37.1,4094945,15825301568.0,5.47,-1.3,-0.5,22.13
2020-02-21,37.86,40.84,41.72,37.65,4815496,19174786752.0,10.75,7.87,2.98,26.02
2020-02-28,41.49,38.09,42.69,38.0,5057660,20705785296.0,11.48,-6.73,-2.75,27.33
2020-03-06,39.35,41.35,44.36,38.62,5732811,24540570240.0,15.07,8.56,3.26,30.98
2020-03-13,40.12,37.81,41.25,35.5,3588643,14177339776.0,13.91,-8.56,-3.54,19.39
2020-03-20,38.1,35.73,38.1,34.2,2764448,10074693552.0,10.31,-5.5,-2.08,14.81
2020-03-27,34.5,35.49,36.3,33.81,2127554,7609487232.0,6.97,-0.67,-0.24,11.39
2020-04-03,34.9,34.3,34.98,33.53,1545812,5374939248.0,4.09,-3.35,-1.19,8.28
2020-04-10,35.11,35.26,36.65,34.83,1727272,6228141328.0,5.31,2.8,0.96,9.25
2020-04-17,34.9,34.13,34.9,33.61,1534674,5332915120.0,3.66,-3.2,-1.13,8.22
2020-04-24,34.25,33.24,34.79,33.22,1482172,5137207456.0,4.6,-2.61,-0.89,7.82
2020-04-30,33.24,32.78,33.35,30.37,1374263,4483229904.0,8.97,-1.38,-0.46,7.25
2020-05-08,32.39,33.77,34.24,32.28,981465,3331523248.0,5.98,3.02,0.99,5.18
2020-05-15,34.28,32.92,34.35,32.59,1129335,3841306256.0,5.21,-2.52,-0.85,5.96
2020-05-22,32.94,31.9,34.43,31.71,1695877,5732181072.0,8.26,-3.1,-1.02,8.82
2020-05-29,31.92,31.45,32.03,30.83,1094648,3487225904.0,3.76,-1.41,-0.45,5.69
2020-06-05,31.7,32.88,34.05,31.63,1465651,4891568080.0,7.69,4.55,1.43,7.62
2020-06-12,33.08,34.4,35.95,33.0,2397403,8350891904.0,8.97,4.62,1.52,12.53
2020-06-19,34.37,34.81,35.13,33.61,1626666,5678542336.0,4.42,1.19,0.41,8.5
2020-06-24,35.1,36.18,37.25,34.69,1369523,4951957264.0,7.35,3.94,1.37,7.16
2020-07-03,36.17,37.73,38.28,35.66,2432788,9110820304.0,7.24,4.28,1.55,12.71
2020-07-10,38.4,40.73,42.56,38.1,3907062,15973507520.0,11.82,7.95,3.0,20.42
2020-07-17,40.61,36.84,41.37,36.26,3226903,12743970384.0,12.55,-9.55,-3.89,16.86
2020-07-24,37.3,35.55,38.19,35.28,2376663,8891503376.0,7.9,-3.5,-1.29,11.76
2020-07-31,35.61,36.22,36.77,35.01,1595174,5796534080.0,4.95,1.88,0.67,7.89
2020-08-07,36.4,37.59,38.71,36.4,2149620,8153932256.0,6.38,3.78,1.37,10.63
2020-08-14,37.4,38.05,39.1,35.2,2042940,7710386128.0,10.38,1.22,0.46,10.11
2020-08-21,38.05,38.45,39.12,36.81,2111600,8128095712.0,6.07,1.05,0.4,10.43
2020-08-28,38.4,37.12,38.53,36.12,1756592,6629591008.0,6.27,-3.46,-1.33,8.68
2020-09-04,37.59,36.58,38.24,35.98,1631928,6173432800.0,6.09,-1.45,-0.54,8.06
2020-09-11,36.58,34.3,36.82,33.81,1136789,4042420896.0,8.23,-6.23,-2.28,5.62
2020-09-18,34.69,35.18,35.25,34.21,702103,2464756128.0,3.03,2.57,0.88,3.47
2020-09-25,35.4,34.12,35.94,33.88,723296,2547294752.0,5.86,-3.01,-1.06,3.57
2020-09-30,34.15,33.87,34.43,33.64,333511,1150454432.0,2.32,-0.73,-0.25,1.65
2020-10-09,34.42,35.14,35.34,34.41,198513,703101280.0,2.75,3.75,1.27,0.98
2020-10-16,35.39,35.22,36.42,34.99,1042169,3768689184.0,4.07,0.23,0.08,5.15
2020-10-23,35.6,34.35,35.7,34.15,604402,2121838992.0,4.4,-2.47,-0.87,2.99
2020-10-30,34.35,37.64,38.66,34.08,2750991,10346452400.0,13.33,9.58,3.29,13.59
2020-11-06,38.0,40.69,41.55,38.0,3180505,12822657440.0,9.43,8.1,3.05,15.71
2020-11-13,41.2,42.2,44.27,39.58,3876509,16447100112.0,11.53,3.71,1.51,19.15
2020-11-20,42.56,40.52,42.56,39.69,2407888,9925425472.0,6.8,-3.98,-1.68,11.89
2020-11-27,40.52,37.9,40.82,37.26,2122863,8293120288.0,8.79,-6.47,-2.62,10.49
2020-12-04,37.99,38.31,39.02,37.53,1637965,6348269008.0,3.93,1.08,0.41,8.09
2020-12-11,38.31,37.98,38.68,36.76,1102891,4222697552.0,5.01,-0.86,-0.33,5.45
2020-12-18,37.97,38.43,38.91,37.02,1421103,5468259712.0,4.98,1.18,0.45,7.01
2020-12-25,38.43,37.72,39.93,37.2,1854529,7256461728.0,7.1,-1.85,-0.71,9.15
2020-12-31,37.6,40.47,41.08,36.23,1983432,7715925024.0,12.86,7.29,2.75,9.79
2021-01-08,41.0,42.65,43.28,40.15,2792886,11804875712.0,7.73,5.39,2.18,13.78
2021-01-15,42.85,43.74,47.48,41.3,3400616,15231880640.0,14.49,2.56,1.09,16.78
2021-01-22,43.59,51.43,51.88,43.05,5026114,24502717632.0,20.19,17.58,7.69,24.8
2021-01-29,51.8,46.35,54.03,45.27,3526833,17444846000.0,17.03,-9.88,-5.08,17.4
2021-02-05,46.45,43.28,50.13,42.9,3717769,17304509952.0,15.6,-6.62,-3.07,18.35
2021-02-10,43.77,53.15,53.16,43.0,1945453,9609907040.0,23.48,22.8,9.87,9.6
2021-02-19,54.1,51.2,54.45,50.05,1408026,7422859376.0,8.28,-3.67,-1.95,6.95
2021-02-26,52.62,47.81,57.33,46.28,4184319,21866819776.0,21.58,-6.62,-3.39,20.65
2021-03-05,48.48,47.24,50.88,45.84,2169473,10555289328.0,10.54,-1.19,-0.57,10.71
2021-03-12,47.96,48.52,48.87,44.6,2170857,10279341248.0,9.04,2.71,1.28,10.71
2021-03-19,47.95,44.26,48.15,43.77,1652309,7579248880.0,9.03,-8.78,-4.26,8.15
2021-03-26,44.47,47.2,47.81,43.88,1666507,7707316016.0,8.88,6.64,2.94,8.22
2021-04-02,47.92,48.19,49.1,46.87,1405036,6783423856.0,4.72,2.1,0.99,6.93
2021-04-09,48.31,46.07,49.18,46.0,1201574,5736815776.0,6.6,-4.4,-2.12,5.93
2021-04-16,46.3,45.9,47.14,44.67,1317289,6074599920.0,5.36,-0.37,-0.17,6.5
2021-04-23,46.14,50.08,50.74,45.53,2200930,10924054896.0,11.35,9.11,4.18,10.73
2021-04-30,50.6,50.57,52.24,48.93,1571655,8021272592.0,6.61,0.98,0.49,7.66
2021-05-07,50.5,48.32,50.95,48.2,608422,3041518784.0,5.44,-4.45,-2.25,2.97
2021-05-14,48.18,53.56,53.8,47.7,2226458,11670364112.0,12.62,10.84,5.24,10.85
2021-05-21,53.44,53.79,56.59,52.24,2033544,11147011328.0,8.12,0.43,0.23,9.74
2021-05-28,54.14,61.54,62.8,54.14,2704176,16238205344.0,16.1,14.41,7.75,13.03
2021-06-04,62.6,58.55,64.01,58.18,1853874,11231129984.0,9.47,-4.86,-2.99,8.93
2021-06-11,59.0,57.5,61.66,55.06,2402652,14202895600.0,11.27,-1.79,-1.05,11.58
2021-06-18,58.01,65.78,68.3,57.9,2315146,14428396528.0,18.09,14.4,8.28,11.16
2021-06-25,66.7,63.09,68.3,62.01,2105489,13747280672.0,9.56,-4.09,-2.69,10.14
2021-07-02,63.37,62.77,67.6,62.0,1699567,11037613248.0,8.88,-0.51,-0.32,8.19
2021-07-09,62.85,61.2,65.55,59.8,2066874,13039611520.0,9.16,-2.5,-1.57,9.96
2021-07-16,61.2,60.6,64.55,59.51,1621447,9972067616.0,8.24,-0.98,-0.6,7.81
2021-07-23,60.0,62.4,67.13,59.08,2170047,13613736784.0,13.28,2.97,1.8,10.46
2021-07-30,65.35,58.4,68.01,55.64,2786484,16966151248.0,19.82,-6.41,-4.0,13.43
2021-08-06,58.2,56.8,60.64,56.1,1508954,8854739056.0,7.77,-2.74,-1.6,7.27
2021-08-13,56.5,53.93,57.3,53.19,1236889,6907644656.0,7.24,-5.05,-2.87,5.96
2021-08-20,53.57,51.5,54.08,50.8,1269570,6663394864.0,6.08,-4.51,-2.43,6.11
2021-08-27,51.06,52.43,54.83,51.06,1511359,8005775840.0,7.32,1.81,0.93,7.27
2021-09-03,52.45,49.33,52.8,49.3,1269342,6456623776.0,6.68,-5.91,-3.1,6.11
2021-09-10,49.42,51.91,52.72,49.11,1060411,5480491920.0,7.32,5.23,2.58,5.1
2021-09-17,51.91,50.75,52.34,49.8,746208,3821643264.0,4.89,-2.23,-1.16,3.59
2021-09-24,49.86,52.9,53.38,49.86,623404,3253114288.0,6.94,4.24,2.15,3.0
2021-09-30,53.82,52.7,54.98,51.34,900124,4807916336.0,6.88,-0.38,-0.2,4.33
2021-10-08,53.41,54.62,55.06,52.91,311723,1701850000.0,4.08,3.64,1.92,1.5
2021-10-15,54.66,54.77,56.08,52.11,923979,5021118160.0,7.27,0.27,0.15,4.44
2021-10-22,54.7,53.54,55.19,51.81,851894,4572758864.0,6.17,-2.25,-1.23,4.1
2021-10-29,53.52,56.22,57.48,51.6,2081201,11578621536.0,10.98,5.01,2.68,10.01
2021-11-05,56.5,57.75,58.4,55.01,1302174,7434407680.0,6.03,2.72,1.53,6.26
2021-11-12,57.91,57.77,59.48,56.71,1064561,6220141280.0,4.8,0.03,0.02,5.14
2021-11-19,57.5,56.67,58.9,55.61,786596,4513554448.0,5.69,-1.9,-1.1,3.8
2021-11-26,56.71,54.37,58.04,54.13,1018449,5709776144.0,6.9,-4.06,-2.3,4.91
2021-12-03,53.82,53.37,54.37,52.49,892904,4786818992.0,3.46,-1.84,-1.0,4.31
2021-12-10,53.39,53.6,54.73,51.66,961943,5135713360.0,5.75,0.43,0.23,4.64
2021-12-17,53.8,51.96,55.01,51.96,923245,4964994992.0,5.69,-3.06,-1.64,4.44
2021-12-24,51.91,50.91,52.48,50.46,805173,4137103696.0,3.89,-2.02,-1.05,3.87
2021-12-31,50.95,52.31,52.46,50.42,788959,4073373008.0,4.01,2.75,1.4,3.79
2022-01-07,54.11,49.49,54.3,49.45,993798,5160659856.0,9.27,-5.39,-2.82,4.78
2022-01-14,49.5,46.61,50.11,46.1,990353,4789060800.0,8.1,-5.82,-2.88,4.76
2022-01-21,46.61,47.61,49.39,46.61,888602,4293357808.0,5.96,2.15,1.0,4.27
2022-01-28,47.61,43.2,48.38,43.17,938036,4300428192.0,10.94,-9.26,-4.41,4.51
2022-02-11,44.17,47.0,47.4,43.38,1124280,5149442240.0,9.31,8.8,3.8,5.4
2022-02-18,47.0,50.74,50.89,46.25,1202192,5949384992.0,9.87,7.96,3.74,5.73
2022-02-25,50.9,49.09,51.29,48.1,832079,4161534688.0,6.29,-3.25,-1.65,3.97
2022-03-04,49.05,49.21,50.45,48.1,632705,3126717456.0,4.79,0.24,0.12,3.02
2022-03-11,48.8,46.34,48.8,44.1,924191,4314356352.0,9.55,-5.83,-2.87,4.41
2022-03-18,45.55,47.18,48.13,43.61,1158407,5405583840.0,9.75,1.81,0.84,5.52
2022-03-25,47.18,46.28,48.9,46.27,606260,2902477360.0,5.57,-1.91,-0.9,2.89
2022-04-01,45.68,46.18,47.09,45.4,414566,1925868912.0,3.65,-0.22,-0.1,1.98
2022-04-08,46.02,44.67,46.41,43.66,276250,1248255232.0,5.95,-3.27,-1.51,1.32
2022-04-15,44.43,41.38,44.45,40.24,603937,2541974448.0,9.42,-7.37,-3.29,2.88
2022-04-22,41.23,38.36,41.38,38.3,701589,2819923152.0,7.44,-7.3,-3.02,3.34
2022-04-29,38.2,36.8,38.2,32.63,1221051,4319382048.0,14.52,-4.07,-1.56,5.82
2022-05-06,36.62,36.34,37.33,35.91,285380,1053254736.0,3.86,-1.25,-0.46,1.36
2022-05-13,36.33,35.59,37.26,35.11,668020,2421465232.0,5.92,-2.06,-0.75,3.18
2022-05-20,35.8,35.9,36.58,34.71,761085,2719328928.0,5.25,0.87,0.31,3.63
2022-05-27,36.18,34.76,36.84,33.78,850889,3019359600.0,8.52,-3.18,-1.14,4.06
2022-06-02,34.86,36.72,36.78,34.71,741519,2681710000.0,5.96,5.64,1.96,3.52
2022-06-10,36.94,37.69,39.13,36.65,1226041,4675295808.0,6.75,2.64,0.97,5.83
2022-06-17,37.3,38.53,39.13,36.41,932763,3561429248.0,7.22,2.23,0.84,4.43
2022-06-24,39.18,41.65,43.1,38.88,1874262,7782545184.0,10.95,8.1,3.12,8.91
2022-07-01,41.84,41.06,43.62,40.5,1138709,4782354576.0,7.49,-1.42,-0.59,5.41
2022-07-08,42.29,42.5,44.56,41.62,1140090,4914771810.68,7.16,3.51,1.44,5.42
2022-07-15,42.4,39.58,42.4,39.58,644047,2624069607.47,6.64,-6.87,-2.92,3.06
2022-07-22,39.64,41.12,43.23,39.57,790205,3296583552.6,9.25,3.89,1.54,3.75
2022-07-29,41.12,41.94,43.29,40.48,661364,2804123117.25,6.83,1.99,0.82,3.14
2022-08-05,41.71,42.1,43.0,40.21,750697,3112918336.0,6.65,0.38,0.16,3.57
2022-08-12,42.2,41.11,42.7,40.43,613586,2540246374.45,5.39,-2.35,-0.99,2.92
2022-08-19,40.79,38.84,41.0,38.73,816576,3251042049.4,5.52,-5.52,-2.27,3.88
2022-08-26,38.83,37.11,39.7,36.9,723581,2770971753.38,7.21,-4.45,-1.73,3.44
2022-09-02,36.56,37.29,37.84,36.25,431422,1607412628.23,4.28,0.49,0.18,2.05
2022-09-09,37.07,37.05,37.26,35.96,437938,1610156482.77,3.49,-0.64,-0.24,2.08
2022-09-16,37.13,35.35,37.48,35.35,406681,1482290196.6,5.75,-4.59,-1.7,1.93
2022-09-23,35.36,33.63,35.65,33.18,453693,1569164760.94,6.99,-4.87,-1.72,2.16
2022-09-30,33.51,32.72,34.35,32.68,447008,1501895952.42,4.97,-2.71,-0.91,2.12
2022-10-14,32.68,32.9,33.15,29.64,897675,2833972355.24,10.73,0.55,0.18,4.27
2022-10-21,32.96,33.7,35.2,32.11,1057325,3553537458.82,9.39,2.43,0.8,5.02
2022-10-28,33.71,33.85,36.15,32.4,1465714,5083644353.54,11.13,0.45,0.15,6.96
2022-11-04,32.45,35.6,36.1,32.26,1183112,4171364254.7,11.34,5.17,1.75,5.62
2022-11-11,35.2,34.36,35.74,33.48,1065951,3706041835.55,6.35,-3.48,-1.24,5.07
2022-11-18,34.43,34.75,35.98,33.85,1281730,4492590733.75,6.2,1.14,0.39,6.09
2022-11-25,34.5,32.17,34.65,32.02,828355,2758492598.91,7.57,-7.42,-2.58,3.94
2022-12-02,31.8,32.87,33.26,30.99,810974,2620800492.13,7.06,2.18,0.7,3.85
2022-12-09,33.2,33.9,34.21,32.95,849229,2859967840.93,3.83,3.13,1.03,4.04
2022-12-16,33.8,33.8,34.66,33.03,698478,2370641629.82,4.81,-0.29,-0.1,3.3
2022-12-23,33.75,33.26,34.17,31.7,728315,2406271333.31,7.31,-1.6,-0.54,3.44
2022-12-30,33.33,32.73,33.49,32.31,539291,1778160174.49,3.55,-1.59,-0.53,2.55
2023-01-06,32.8,33.84,34.41,32.73,745064,2538227193.71,5.13,3.39,1.11,3.52
2023-01-13,33.94,33.16,34.28,32.8,674771,2270331390.64,4.37,-2.01,-0.68,3.18
2023-01-20,33.1,37.78,38.69,33.1,1812749,6622054852.92,16.86,13.93,4.62,8.24
2023-02-03,40.9,43.76,45.59,39.59,4737942,20125506999.21,15.88,15.83,5.98,21.54
2023-02-10,44.66,47.81,49.97,44.0,5331879,25018677698.97,13.64,9.26,4.05,24.24
2023-02-17,47.4,46.6,51.78,46.25,4890318,23663954204.88,11.57,-2.53,-1.21,22.23
2023-02-24,47.29,49.05,51.85,47.01,4113063,20433709518.77,10.39,5.26,2.45,18.7
2023-03-03,48.3,50.61,52.42,47.07,3416689,17045447673.64,10.91,3.18,1.56,16.05
2023-03-10,50.46,47.53,51.08,46.9,2242245,10926601332.08,8.26,-6.09,-3.08,10.54
2023-03-17,47.4,52.18,53.49,47.0,3527535,17584899752.17,13.65,9.78,4.65,16.58
2023-03-24,52.4,59.92,60.73,49.48,4921114,26807401289.17,21.56,14.83,7.74,23.12
2023-03-31,59.09,63.58,64.06,56.68,4827551,28872270050.18,12.32,6.11,3.66,22.68
2023-04-07,65.9,65.4,70.0,63.0,4110995,27296545259.12,11.01,2.86,1.82,19.32
2023-04-14,64.55,59.08,64.68,57.2,4202121,25301959132.44,11.44,-9.66,-6.32,19.75
2023-04-21,58.87,57.94,66.8,57.1,4906328,29686278066.95,16.42,-1.93,-1.14,23.06
2023-04-28,58.2,60.5,62.5,54.15,5117440,30027861793.43,14.41,4.42,2.56,24.05
2023-05-05,60.38,57.95,61.5,57.2,1592502,9429023346.94,7.11,-4.21,-2.55,7.48
2023-05-12,60.36,63.14,66.76,59.2,5778063,36844388502.07,13.05,8.96,5.19,27.15
2023-05-19,64.4,59.82,64.8,56.92,3789075,22987250773.03,12.48,-5.26,-3.32,17.81
2023-05-26,59.93,56.53,60.36,53.4,3308712,18816633963.2,11.63,-5.5,-3.29,15.55
2023-06-02,57.2,66.7,67.18,55.0,4238875,26169897080.67,21.55,17.99,10.17,19.92
2023-06-09,66.0,66.25,67.06,62.56,4139859,26944450211.08,6.75,-0.67,-0.45,19.46
2023-06-16,67.6,74.21,75.57,66.39,5730148,41580549468.75,13.86,12.02,7.96,26.93
2023-06-21,72.9,77.5,81.9,72.35,3212794,24988093204.8,12.87,4.43,3.29,15.1
2023-06-30,76.15,67.86,78.25,66.05,4283867,30157765196.13,15.74,-12.44,-9.64,20.13
2023-07-07,68.1,68.61,69.99,63.38,4363043,29038596420.87,9.74,1.11,0.75,20.5
2023-07-14,67.71,70.19,72.17,64.88,4670559,31849483487.71,10.63,2.3,1.58,21.95
2023-07-21,69.05,64.58,72.0,63.4,2930695,19786097603.49,12.25,-7.99,-5.61,13.77
2023-07-28,64.0,62.43,65.74,61.66,2298549,14570872035.11,6.32,-3.33,-2.15,10.8
2023-08-04,62.43,63.32,63.8,58.8,2512588,15495150502.38,8.01,1.43,0.89,11.81
2023-08-11,64.0,62.0,65.0,61.96,1795062,11455471041.19,4.8,-2.08,-1.32,8.44
2023-08-18,61.21,56.68,64.95,56.32,3240470,19514618264.35,13.92,-8.58,-5.32,15.23
2023-08-25,56.1,51.37,57.5,50.97,2506357,13706482761.48,11.52,-9.37,-5.31,11.78
2023-09-01,55.0,54.37,55.65,50.12,3503111,18677568694.27,10.77,5.84,3.0,16.46
2023-09-08,54.66,49.47,54.66,49.41,2308410,12012819797.7,9.66,-9.01,-4.9,10.85
2023-09-15,49.9,48.02,52.5,47.9,2264914,11294198825.42,9.3,-2.93,-1.45,10.64
2023-09-22,48.0,49.45,49.89,46.14,2662783,12733315757.85,7.81,2.98,1.43,12.51
2023-09-28,49.64,50.66,51.98,48.61,2075976,10498076162.65,6.81,2.45,1.21,9.76
2023-10-13,50.77,53.34,56.82,50.36,3983063,21429799778.73,12.75,5.29,2.68,18.72
2023-10-20,53.3,51.08,55.69,50.6,3056932,16188889607.54,9.54,-4.24,-2.26,14.37
2023-10-27,51.51,45.56,52.67,44.67,4203667,20084708783.32,15.66,-10.81,-5.52,19.76
2023-11-03,45.1,46.05,46.33,44.09,2647903,11997059549.28,4.92,1.08,0.49,12.44
2023-11-07,46.41,48.11,48.45,45.92,1313609,6235972129.46,5.49,4.47,2.06,6.17
