日期,5均线,10均线,20均线,50均线,150均线
2008-05-16,1.5,1.5,1.5,1.5,1.5
2008-05-23,1.617,1.564,1.533,1.514,1.505
2008-05-30,1.674,1.605,1.558,1.525,1.508
2008-06-06,1.77,1.669,1.596,1.542,1.514
2008-06-13,1.683,1.64,1.588,1.54,1.514
2008-06-20,1.555,1.579,1.56,1.531,1.511
2008-06-27,1.447,1.515,1.529,1.519,1.508
2008-07-04,1.405,1.48,1.509,1.511,1.505
2008-07-11,1.483,1.509,1.522,1.516,1.507
2008-07-18,1.465,1.494,1.513,1.513,1.506
2008-07-25,1.49,1.503,1.515,1.514,1.506
2008-08-01,1.447,1.477,1.501,1.508,1.505
2008-08-08,1.388,1.439,1.479,1.499,1.501
2008-08-15,1.215,1.336,1.421,1.474,1.493
2008-08-22,1.08,1.24,1.363,1.448,1.484
2008-08-29,0.927,1.127,1.292,1.416,1.473
2008-09-05,0.785,1.013,1.216,1.38,1.46
2008-09-12,0.643,0.895,1.135,1.34,1.445
2008-09-19,0.585,0.817,1.072,1.306,1.432
2008-09-26,0.454,0.703,0.988,1.262,1.416
2008-10-10,0.312,0.581,0.896,1.213,1.397
2008-10-17,0.252,0.499,0.823,1.171,1.381
2008-10-24,0.248,0.452,0.768,1.134,1.366
2008-10-31,0.282,0.433,0.728,1.104,1.352
2008-11-07,0.311,0.422,0.694,1.075,1.339
2008-11-14,0.364,0.431,0.673,1.051,1.328
2008-11-21,0.419,0.449,0.659,1.031,1.317
2008-11-28,0.4,0.433,0.631,1.004,1.304
2008-12-05,0.456,0.458,0.625,0.987,1.295
2008-12-12,0.481,0.471,0.616,0.97,1.284
2008-12-19,0.624,0.551,0.644,0.967,1.28
2008-12-26,0.673,0.59,0.656,0.959,1.273
2008-12-31,0.705,0.623,0.667,0.952,1.266
2009-01-09,0.807,0.693,0.699,0.954,1.263
2009-01-16,0.871,0.749,0.728,0.956,1.259
2009-01-23,0.891,0.782,0.747,0.955,1.255
2009-02-06,0.931,0.824,0.772,0.957,1.252
2009-02-13,0.967,0.863,0.798,0.96,1.249
2009-02-20,1.001,0.901,0.824,0.965,1.246
2009-02-27,0.961,0.897,0.829,0.961,1.242
2009-03-06,0.984,0.921,0.848,0.964,1.239
2009-03-13,1.069,0.979,0.886,0.975,1.239
2009-03-20,1.106,1.016,0.914,0.983,1.238
2009-03-27,1.104,1.031,0.931,0.988,1.236
2009-04-03,1.233,1.114,0.985,1.007,1.24
2009-04-10,1.325,1.186,1.035,1.027,1.243
2009-04-17,1.4,1.252,1.084,1.047,1.247
2009-04-24,1.443,1.303,1.126,1.066,1.251
2009-04-30,1.472,1.344,1.165,1.085,1.255
2009-05-08,1.472,1.367,1.194,1.1,1.258
2009-05-15,1.508,1.406,1.23,1.119,1.262
2009-05-22,1.522,1.432,1.261,1.135,1.266
2009-05-27,1.518,1.446,1.285,1.15,1.269
2009-06-05,1.495,1.447,1.3,1.162,1.271
2009-06-12,1.487,1.451,1.317,1.174,1.274
2009-06-19,1.478,1.453,1.33,1.185,1.276
2009-06-26,1.479,1.458,1.344,1.197,1.279
2009-07-03,1.479,1.462,1.357,1.208,1.282
2009-07-10,1.566,1.512,1.394,1.229,1.288
2009-07-17,2.077,1.801,1.556,1.302,1.312
2009-07-24,2.375,2.014,1.691,1.368,1.334
2009-07-31,2.763,2.291,1.867,1.453,1.363
2009-08-07,3.089,2.555,2.045,1.542,1.394
2009-08-14,3.159,2.69,2.165,1.611,1.42
2009-08-21,3.106,2.746,2.244,1.666,1.441
2009-08-28,2.977,2.742,2.29,1.707,1.458
2009-09-04,2.902,2.743,2.334,1.748,1.475
2009-09-11,2.931,2.788,2.396,1.797,1.495
2009-09-18,3.001,2.852,2.467,1.849,1.517
2009-09-25,2.977,2.866,2.511,1.892,1.535
2009-09-30,2.865,2.825,2.523,1.921,1.55
2009-10-09,2.913,2.859,2.57,1.964,1.569
2009-10-16,2.962,2.895,2.616,2.007,1.589
2009-10-23,2.981,2.918,2.655,2.047,1.608
2009-10-30,2.934,2.904,2.672,2.078,1.624
2009-11-06,2.973,2.93,2.708,2.116,1.643
2009-11-13,2.992,2.948,2.739,2.152,1.661
2009-11-20,3.025,2.974,2.772,2.188,1.68
2009-11-27,2.963,2.95,2.779,2.214,1.696
2009-12-04,2.955,2.948,2.794,2.242,1.712
2009-12-11,3.13,3.045,2.86,2.291,1.736
2009-12-18,3.06,3.022,2.865,2.316,1.751
2009-12-25,3.05,3.024,2.881,2.344,1.768
2009-12-31,3.09,3.05,2.909,2.376,1.787
2010-01-08,3.15,3.09,2.943,2.411,1.807
2010-01-15,3.293,3.179,3.004,2.457,1.83
2010-01-22,3.322,3.216,3.039,2.493,1.851
2010-01-29,3.301,3.224,3.06,2.523,1.869
2010-02-05,3.171,3.167,3.046,2.538,1.883
2010-02-12,3.084,3.12,3.033,2.553,1.897
2010-02-26,3.109,3.127,3.045,2.577,1.913
2010-03-05,3.053,3.093,3.035,2.591,1.927
2010-03-12,3.032,3.074,3.031,2.607,1.941
2010-03-19,3.095,3.101,3.049,2.631,1.958
2010-03-26,3.223,3.17,3.09,2.664,1.978
2010-04-02,3.389,3.27,3.15,2.705,2.001
2010-04-09,3.679,3.45,3.256,2.766,2.031
2010-04-16,3.893,3.608,3.357,2.827,2.061
2010-04-23,4.075,3.759,3.46,2.891,2.093
2010-04-30,4.01,3.781,3.5,2.929,2.117
2010-05-07,3.947,3.788,3.531,2.964,2.139
2010-05-14,3.764,3.718,3.518,2.981,2.156
2010-05-21,3.696,3.689,3.522,3.004,2.174
2010-05-28,3.644,3.662,3.524,3.025,2.193
2010-06-04,3.636,3.654,3.533,3.048,2.211
2010-06-11,3.714,3.694,3.565,3.081,2.233
2010-06-18,3.689,3.684,3.572,3.103,2.252
2010-06-25,3.643,3.659,3.57,3.12,2.269
2010-07-02,3.365,3.505,3.498,3.108,2.276
2010-07-09,3.27,3.428,3.458,3.107,2.287
2010-07-16,3.16,3.339,3.409,3.1,2.296
2010-07-23,3.277,3.37,3.418,3.116,2.312
2010-07-30,3.438,3.441,3.451,3.142,2.331
2010-08-06,3.545,3.499,3.48,3.166,2.35
2010-08-13,3.667,3.574,3.521,3.195,2.371
2010-08-20,3.735,3.628,3.554,3.222,2.39
2010-08-27,3.9,3.737,3.619,3.261,2.415
2010-09-03,4.203,3.932,3.732,3.322,2.446
2010-09-10,4.562,4.177,3.88,3.399,2.484
2010-09-17,4.778,4.365,4.006,3.47,2.52
2010-09-21,4.852,4.48,4.101,3.53,2.553
2010-09-30,4.921,4.586,4.192,3.59,2.586
2010-10-08,4.901,4.636,4.256,3.639,2.616
2010-10-15,4.691,4.569,4.257,3.664,2.638
2010-10-22,4.84,4.673,4.341,3.722,2.671
2010-10-29,5.22,4.911,4.497,3.811,2.715
2010-11-05,5.92,5.349,4.766,3.948,2.776
2010-11-12,6.36,5.693,5.002,4.077,2.835
2010-11-19,7.193,6.268,5.369,4.265,2.915
2010-11-26,7.679,6.701,5.682,4.437,2.991
2010-12-03,7.726,6.905,5.885,4.57,3.055
2010-12-10,7.894,7.146,6.109,4.713,3.124
2010-12-17,8.226,7.463,6.374,4.877,3.2
2010-12-24,8.071,7.517,6.506,4.99,3.26
2010-12-31,8.104,7.636,6.664,5.115,3.325
2011-01-07,7.973,7.649,6.764,5.216,3.383
2011-01-14,7.755,7.589,6.817,5.299,3.436
2011-01-21,7.29,7.366,6.773,5.341,3.474
2011-01-28,6.867,7.121,6.701,5.367,3.508
2011-02-01,6.718,6.994,6.675,5.408,3.547
2011-02-11,6.685,6.926,6.669,5.456,3.587
2011-02-17,6.753,6.919,6.69,5.512,3.631
2011-02-25,6.799,6.914,6.709,5.566,3.674
2011-03-04,6.753,6.868,6.705,5.609,3.714
2011-03-11,7.128,7.052,6.817,5.698,3.769
2011-03-18,7.232,7.122,6.876,5.766,3.818
2011-03-25,7.222,7.136,6.907,5.823,3.862
2011-04-01,7.131,7.103,6.911,5.867,3.903
2011-04-08,6.897,6.98,6.865,5.889,3.937
2011-04-15,6.808,6.917,6.843,5.918,3.972
2011-04-22,6.812,6.899,6.841,5.953,4.01
2011-04-29,6.728,6.837,6.814,5.977,4.044
2011-05-06,6.789,6.851,6.823,6.014,4.082
2011-05-13,6.649,6.763,6.78,6.028,4.112
2011-05-20,6.446,6.632,6.709,6.028,4.138
2011-05-27,6.117,6.419,6.59,6.006,4.155
2011-06-03,5.872,6.23,6.475,5.981,4.171
2011-06-10,5.778,6.113,6.391,5.966,4.19
2011-06-17,5.668,5.993,6.301,5.946,4.207
2011-06-24,5.659,5.929,6.238,5.934,4.226
2011-07-01,5.776,5.943,6.217,5.937,4.249
2011-07-08,6.047,6.061,6.252,5.962,4.28
2011-07-15,6.258,6.174,6.293,5.991,4.312
2011-07-22,6.225,6.171,6.28,5.997,4.337
2011-07-29,6.077,6.1,6.233,5.989,4.356
2011-08-05,5.978,6.042,6.189,5.981,4.375
2011-08-12,5.782,5.923,6.113,5.957,4.388
2011-08-19,5.601,5.799,6.03,5.929,4.399
2011-08-26,5.571,5.747,5.981,5.913,4.414
2011-09-02,5.467,5.658,5.912,5.887,4.425
2011-09-09,5.355,5.562,5.838,5.857,4.435
2011-09-16,5.283,5.485,5.771,5.829,4.444
2011-09-23,5.165,5.384,5.691,5.794,4.45
2011-09-30,4.847,5.171,5.55,5.732,4.447
2011-10-14,4.861,5.12,5.487,5.699,4.453
2011-10-21,4.948,5.12,5.452,5.676,4.462
2011-10-28,5.085,5.163,5.443,5.664,4.474
2011-11-04,5.357,5.297,5.487,5.673,4.493
2011-11-11,5.451,5.36,5.501,5.672,4.508
2011-11-18,5.514,5.411,5.515,5.671,4.523
2011-11-25,5.583,5.467,5.534,5.672,4.539
2011-12-02,5.538,5.464,5.526,5.664,4.551
2011-12-09,5.292,5.343,5.457,5.63,4.554
2011-12-16,5.228,5.299,5.423,5.609,4.561
2011-12-23,5.215,5.279,5.401,5.593,4.57
2011-12-30,5.184,5.25,5.374,5.574,4.577
2012-01-06,4.782,5.019,5.241,5.512,4.569
2012-01-13,4.535,4.841,5.127,5.454,4.562
2012-01-20,4.397,4.71,5.031,5.402,4.556
2012-02-03,4.414,4.663,4.976,5.364,4.555
2012-02-10,4.496,4.662,4.946,5.337,4.556
2012-02-17,4.684,4.735,4.956,5.326,4.563
2012-02-24,5.033,4.916,5.03,5.342,4.578
2012-03-02,5.415,5.145,5.14,5.375,4.6
2012-03-09,5.697,5.348,5.246,5.409,4.622
2012-03-16,5.898,5.521,5.347,5.444,4.644
2012-03-23,5.805,5.539,5.373,5.451,4.657
2012-03-30,5.63,5.492,5.364,5.444,4.665
2012-04-06,5.61,5.506,5.384,5.449,4.677
2012-04-13,5.58,5.509,5.397,5.452,4.688
2012-04-20,5.617,5.542,5.424,5.461,4.701
2012-04-26,5.451,5.465,5.395,5.448,4.707
2012-05-04,5.414,5.442,5.39,5.444,4.715
2012-05-11,5.313,5.382,5.364,5.431,4.721
2012-05-18,5.288,5.356,5.352,5.423,4.727
2012-05-25,5.169,5.279,5.312,5.404,4.73
2012-06-01,5.239,5.297,5.318,5.403,4.739
2012-06-08,5.26,5.298,5.316,5.399,4.746
2012-06-15,5.153,5.233,5.281,5.381,4.749
2012-06-21,5.085,5.181,5.249,5.364,4.751
2012-06-29,4.787,5.001,5.148,5.318,4.744
2012-07-06,4.875,5.01,5.139,5.307,4.748
2012-07-13,4.926,5.014,5.128,5.297,4.752
2012-07-20,4.774,4.915,5.066,5.264,4.748
2012-07-27,4.553,4.768,4.975,5.219,4.74
2012-08-03,4.635,4.774,4.958,5.202,4.74
2012-08-09,4.88,4.882,4.997,5.209,4.749
2012-08-24,5.253,5.086,5.093,5.24,4.765
2012-08-31,5.689,5.354,5.233,5.292,4.789
2012-09-07,6.036,5.604,5.375,5.348,4.815
2012-09-14,6.197,5.771,5.484,5.394,4.837
2012-09-21,6.238,5.87,5.564,5.43,4.857
2012-09-28,6.315,5.979,5.65,5.471,4.878
2012-10-12,6.48,6.13,5.761,5.524,4.904
2012-10-19,6.564,6.239,5.853,5.571,4.928
2012-10-26,6.459,6.241,5.891,5.598,4.946
2012-11-02,6.559,6.336,5.974,5.643,4.97
2012-11-09,6.563,6.378,6.03,5.68,4.991
2012-11-16,6.469,6.36,6.054,5.703,5.008
2012-11-23,6.352,6.317,6.06,5.719,5.023
2012-11-30,6.038,6.152,5.998,5.707,5.028
2012-12-07,5.996,6.108,5.99,5.715,5.039
2012-12-14,6.007,6.094,5.994,5.728,5.053
2012-12-21,6.101,6.129,6.022,5.75,5.069
2012-12-28,6.334,6.251,6.096,5.791,5.092
2013-01-04,6.409,6.307,6.14,5.821,5.111
2013-01-11,6.516,6.384,6.196,5.857,5.133
2013-01-18,6.664,6.489,6.269,5.9,5.157
2013-01-25,6.649,6.513,6.303,5.928,5.176
2013-02-01,6.663,6.545,6.339,5.958,5.196
2013-02-08,7.165,6.84,6.514,6.045,5.236
2013-02-22,7.36,7.006,6.632,6.112,5.269
2013-03-01,7.607,7.205,6.771,6.19,5.307
2013-03-08,7.711,7.335,6.881,6.258,5.341
2013-03-15,7.644,7.367,6.941,6.307,5.37
2013-03-22,7.769,7.485,7.044,6.374,5.405
2013-03-29,8.003,7.664,7.179,6.456,5.446
2013-04-03,8.089,7.773,7.282,6.527,5.483
2013-04-12,8.159,7.869,7.379,6.596,5.52
2013-04-19,8.346,8.023,7.507,6.68,5.563
2013-04-26,8.507,8.17,7.633,6.764,5.606
2013-05-03,8.648,8.308,7.756,6.849,5.65
2013-05-10,8.852,8.481,7.9,6.943,5.698
2013-05-17,8.995,8.627,8.031,7.035,5.745
2013-05-24,9.247,8.831,8.195,7.142,5.798
2013-05-31,9.841,9.231,8.465,7.294,5.868
2013-06-07,10.114,9.491,8.674,7.426,5.931
2013-06-14,10.566,9.85,8.94,7.585,6.004
2013-06-21,10.757,10.085,9.15,7.724,6.072
2013-06-28,10.878,10.273,9.337,7.857,6.139
2013-07-05,11.139,10.525,9.559,8.006,6.212
2013-07-12,11.619,10.899,9.846,8.186,6.297
2013-07-19,12.393,11.452,10.236,8.411,6.398
2013-07-26,13.259,12.095,10.689,8.669,6.512
2013-08-02,13.539,12.46,11.014,8.882,6.612
2013-08-09,13.386,12.572,11.211,9.047,6.698
2013-08-16,12.774,12.387,11.243,9.145,6.762
2013-08-23,12.446,12.278,11.295,9.249,6.829
2013-08-30,12.054,12.095,11.293,9.328,6.888
2013-09-06,12.046,12.083,11.363,9.434,6.956
2013-09-13,11.661,11.866,11.318,9.491,7.008
2013-09-18,11.424,11.7,11.283,9.548,7.06
2013-09-27,11.493,11.687,11.316,9.63,7.121
2013-09-30,11.505,11.658,11.336,9.704,7.179
2013-10-11,11.93,11.862,11.474,9.825,7.253
2013-10-18,11.73,11.766,11.46,9.884,7.307
2013-10-25,11.19,11.465,11.331,9.893,7.344
2013-11-01,10.897,11.255,11.234,9.909,7.384
2013-11-08,10.644,11.052,11.13,9.918,7.42
2013-11-15,10.623,10.966,11.078,9.944,7.462
2013-11-22,10.609,10.896,11.03,9.969,7.503
2013-11-29,10.842,10.971,11.057,10.022,7.554
2013-12-06,10.878,10.967,11.047,10.058,7.599
2013-12-13,11.226,11.141,11.13,10.131,7.656
2013-12-20,11.13,11.104,11.112,10.163,7.699
2013-12-27,11.224,11.16,11.14,10.212,7.749
2014-01-03,11.276,11.2,11.163,10.258,7.797
2014-01-10,11.17,11.156,11.144,10.285,7.839
2014-01-17,11.454,11.313,11.227,10.353,7.894
2014-01-24,11.709,11.478,11.322,10.426,7.951
2014-01-30,12.233,11.806,11.508,10.538,8.022
2014-02-07,12.642,12.106,11.694,10.653,8.094
2014-02-14,12.775,12.276,11.822,10.747,8.159
2014-02-21,13.016,12.499,11.982,10.855,8.23
2014-02-28,12.771,12.459,12.01,10.91,8.284
2014-03-07,12.574,12.408,12.027,10.96,8.335
2014-03-14,12.169,12.218,11.963,10.976,8.375
2014-03-21,11.773,11.993,11.869,10.976,8.41
2014-03-28,11.439,11.77,11.765,10.968,8.441
2014-04-04,11.376,11.676,11.716,10.979,8.478
2014-04-11,11.447,11.66,11.704,11.003,8.52
2014-04-18,11.331,11.558,11.646,11.007,8.554
2014-04-25,10.898,11.28,11.492,10.968,8.573
2014-04-30,10.678,11.091,11.373,10.94,8.595
2014-05-09,10.439,10.886,11.238,10.901,8.613
2014-05-16,9.989,10.559,11.034,10.83,8.62
2014-05-23,9.806,10.356,10.882,10.776,8.631
2014-05-30,9.761,10.231,10.767,10.733,8.644
2014-06-06,9.654,10.087,10.64,10.682,8.655
2014-06-13,9.613,9.986,10.535,10.637,8.666
2014-06-20,10.172,10.223,10.606,10.662,8.701
2014-06-27,10.501,10.393,10.659,10.682,8.734
2014-07-04,10.967,10.667,10.777,10.73,8.776
2014-07-11,10.875,10.671,10.769,10.728,8.801
2014-07-18,10.68,10.602,10.723,10.711,8.821
2014-07-25,10.317,10.418,10.615,10.667,8.831
2014-08-01,10.281,10.38,10.577,10.649,8.849
2014-08-08,10.264,10.353,10.544,10.633,8.868
2014-08-15,10.523,10.478,10.591,10.649,8.896
2014-08-22,10.792,10.633,10.661,10.675,8.929
2014-08-29,10.821,10.678,10.682,10.683,8.954
2014-09-05,11.164,10.891,10.793,10.729,8.993
2014-09-12,11.333,11.033,10.877,10.766,9.028
2014-09-19,11.315,11.078,10.915,10.786,9.058
2014-09-26,11.883,11.431,11.116,10.874,9.111
2014-09-30,12.269,11.723,11.299,10.959,9.163
2014-10-10,12.433,11.912,11.438,11.029,9.21
2014-10-17,12.342,11.957,11.507,11.074,9.249
2014-10-24,12.295,12.001,11.573,11.118,9.288
2014-10-31,12.31,12.063,11.646,11.166,9.329
2014-11-06,12.303,12.104,11.707,11.21,9.368
2014-11-14,12.095,12.027,11.705,11.228,9.399
2014-11-21,12.117,12.051,11.748,11.265,9.435
2014-11-28,12.345,12.187,11.848,11.325,9.48
2014-12-05,12.27,12.175,11.874,11.356,9.515
2014-12-12,12.34,12.231,11.932,11.4,9.554
2014-12-19,12.27,12.212,11.951,11.429,9.588
2014-12-26,12.14,12.152,11.944,11.447,9.618
2014-12-31,11.753,11.939,11.852,11.428,9.637
2015-01-09,11.562,11.801,11.788,11.419,9.657
2015-01-16,11.691,11.828,11.804,11.439,9.687
2015-01-23,12.554,12.274,12.039,11.551,9.748
2015-01-30,12.823,12.471,12.165,11.622,9.796
2015-02-06,13.112,12.693,12.31,11.703,9.848
2015-02-13,14.055,13.283,12.656,11.869,9.928
2015-02-17,15.17,14.032,13.108,12.086,10.027
2015-02-27,15.736,14.548,13.466,12.274,10.118
2015-03-06,16.188,15.01,13.811,12.462,10.21
2015-03-13,16.872,15.597,14.233,12.689,10.317
2015-03-20,17.855,16.365,14.765,12.969,10.442
2015-03-27,19.076,17.302,15.408,13.304,10.589
2015-04-03,20.724,18.524,16.229,13.724,10.767
2015-04-10,22.809,20.061,17.253,14.244,10.982
2015-04-13,25.0,21.756,18.408,14.838,11.225
2015-04-30,27.266,23.582,19.683,15.503,11.498
2015-05-08,28.661,25.012,20.804,16.128,11.762
2015-05-15,29.947,26.377,21.92,16.771,12.037
2015-05-22,32.108,28.205,23.301,17.542,12.36
2015-05-29,32.539,29.15,24.263,18.164,12.639
2015-06-05,33.383,30.226,25.292,18.827,12.936
2015-06-12,33.475,30.85,26.089,19.408,13.211
2015-06-19,31.04,29.999,26.097,19.674,13.382
2015-06-26,28.27,28.678,25.776,19.794,13.506
2015-07-03,26.817,27.811,25.599,19.955,13.644
2015-07-07,24.971,26.623,25.187,20.007,13.745
2015-07-17,25.091,26.388,25.201,20.216,13.898
2015-07-24,25.67,26.469,25.356,20.475,14.07
2015-07-31,25.13,26.029,25.232,20.615,14.202
2015-08-07,24.994,25.791,25.183,20.776,14.341
2015-08-14,25.199,25.758,25.224,20.966,14.49
2015-08-21,24.269,25.149,24.956,21.022,14.595
2015-08-28,22.266,23.897,24.318,20.914,14.644
2015-09-02,20.354,22.557,23.576,20.742,14.669
2015-09-11,19.876,21.896,23.133,20.671,14.725
2015-09-18,18.917,21.006,22.549,20.527,14.755
2015-09-25,18.258,20.267,22.015,20.386,14.784
2015-09-30,17.862,19.685,21.544,20.256,14.814
2015-10-09,18.441,19.67,21.359,20.23,14.878
2015-10-16,19.481,20.014,21.378,20.282,14.966
2015-10-23,21.461,20.997,21.763,20.484,15.105
2015-10-30,22.34,21.561,21.985,20.626,15.224
2015-11-06,23.284,22.217,22.289,20.804,15.356
2015-11-13,23.506,22.532,22.447,20.927,15.47
2015-11-20,24.087,23.026,22.714,21.097,15.599
2015-11-27,23.611,22.96,22.709,21.158,15.693
2015-12-04,23.351,22.936,22.72,21.224,15.787
2015-12-11,23.024,22.833,22.687,21.269,15.874
2015-12-18,23.639,23.203,22.895,21.41,15.993
2015-12-25,23.83,23.386,23.02,21.52,16.102
2015-12-31,23.853,23.48,23.104,21.613,16.206
2016-01-08,21.952,22.511,22.632,21.477,16.231
2016-01-15,20.301,21.509,22.096,21.302,16.242
2016-01-22,19.194,20.685,21.608,21.132,16.251
2016-01-29,18.153,19.846,21.081,20.934,16.249
2016-02-05,17.785,19.338,20.697,20.781,16.26
2016-02-19,18.31,19.342,20.57,20.726,16.301
2016-02-26,17.99,18.98,20.263,20.593,16.314
2016-03-04,17.527,18.547,19.914,20.437,16.318
2016-03-11,17.374,18.278,19.643,20.305,16.328
2016-03-15,17.523,18.195,19.47,20.207,16.348
2016-05-20,17.529,18.076,19.286,20.103,16.364
2016-05-27,17.569,17.999,19.13,20.006,16.381
2016-06-03,18.359,18.352,19.207,20.004,16.428
2016-06-08,19.543,18.999,19.465,20.079,16.501
2016-06-17,19.992,19.342,19.6,20.11,16.559
2016-06-24,20.041,19.487,19.652,20.112,16.606
2016-07-01,20.304,19.732,19.764,20.14,16.662
2016-07-08,20.359,19.866,19.831,20.153,16.713
2016-07-15,20.49,20.027,19.919,20.176,16.766
2016-07-20,20.446,20.087,19.961,20.183,16.814
2016-07-29,19.831,19.817,19.831,20.121,16.837
2016-08-05,19.417,19.594,19.713,20.061,16.86
2016-08-12,19.102,19.389,19.595,19.999,16.882
2016-08-19,19.288,19.439,19.601,19.985,16.919
2016-08-26,19.378,19.461,19.597,19.969,16.954
2016-09-02,19.282,19.393,19.549,19.934,16.982
2016-09-09,19.225,19.342,19.507,19.902,17.01
2016-09-14,19.037,19.218,19.426,19.853,17.032
2016-09-23,18.898,19.109,19.349,19.805,17.053
2016-09-30,18.672,18.947,19.242,19.743,17.068
2016-10-14,18.718,18.922,19.201,19.706,17.091
2016-10-21,18.902,18.986,19.207,19.689,17.12
2016-10-28,19.005,19.026,19.208,19.67,17.148
2016-11-04,19.063,19.054,19.205,19.651,17.175
2016-11-11,19.099,19.075,19.202,19.632,17.201
2016-11-18,19.179,19.124,19.215,19.621,17.23
2016-11-25,19.193,19.141,19.215,19.605,17.256
2016-12-02,19.019,19.055,19.163,19.568,17.275
2016-12-09,18.772,18.914,19.079,19.518,17.288
2016-12-16,18.462,18.719,18.961,19.452,17.295
2016-12-23,18.051,18.448,18.796,19.365,17.295
2016-12-30,17.811,18.245,18.657,19.285,17.295
2017-01-06,17.804,18.162,18.574,19.226,17.302
2017-01-13,17.646,18.011,18.456,19.152,17.302
2017-01-20,17.464,17.845,18.327,19.072,17.299
2017-01-26,17.406,17.744,18.228,19.002,17.299
2017-02-03,17.594,17.785,18.203,18.961,17.308
2017-02-10,18.029,17.988,18.27,18.959,17.329
2017-02-17,18.263,18.123,18.313,18.95,17.348
2017-02-24,18.765,18.422,18.452,18.982,17.38
2017-03-03,19.113,18.675,18.582,19.015,17.412
2017-03-10,20.102,19.294,18.915,19.135,17.474
2017-03-17,20.625,19.726,19.177,19.234,17.529
2017-03-24,21.567,20.403,19.584,19.4,17.608
2017-03-31,21.934,20.815,19.878,19.528,17.675
2017-04-07,22.193,21.16,20.148,19.653,17.741
2017-04-14,21.789,21.127,20.227,19.705,17.784
2017-04-21,21.096,20.869,20.178,19.705,17.81
2017-04-28,20.887,20.797,20.206,19.735,17.845
2017-05-05,20.475,20.588,20.153,19.732,17.869
2017-05-12,19.717,20.154,19.967,19.671,17.873
2017-05-19,19.444,19.926,19.865,19.641,17.887
2017-05-26,19.386,19.807,19.808,19.627,17.905
2017-06-02,19.401,19.738,19.772,19.619,17.926
2017-06-09,19.677,19.828,19.816,19.643,17.956
2017-06-16,19.951,19.95,19.881,19.677,17.99
2017-06-23,20.551,20.277,20.059,19.758,18.04
2017-06-30,22.344,21.305,20.618,20.0,18.144
2017-07-07,24.263,22.54,21.331,20.318,18.276
2017-07-14,24.652,23.066,21.721,20.518,18.371
2017-07-21,26.398,24.307,22.499,20.886,18.523
2017-07-28,27.922,25.518,23.306,21.281,18.688
2017-08-04,28.531,26.288,23.92,21.613,18.835
2017-08-11,29.458,27.201,24.623,21.993,19.0
2017-08-18,32.748,29.406,26.024,22.673,19.269
2017-08-25,35.382,31.45,27.417,23.378,19.552
2017-09-01,36.311,32.672,28.441,23.958,19.799
2017-09-08,36.251,33.301,29.173,24.436,20.015
2017-09-15,35.724,33.55,29.697,24.837,20.209
2017-09-22,35.386,33.761,30.174,25.224,20.401
2017-09-29,35.291,34.004,30.643,25.611,20.596
2017-10-13,35.65,34.434,31.189,26.033,20.805
2017-10-20,34.664,34.117,31.332,26.294,20.962
2017-10-27,33.932,33.818,31.44,26.537,21.115
2017-11-03,35.065,34.456,32.001,26.96,21.33
2017-11-10,36.107,35.135,32.591,27.4,21.553
2017-11-17,38.771,36.765,33.687,28.055,21.852
2017-11-24,39.677,37.624,34.43,28.582,22.112
2017-12-01,41.505,38.994,35.452,29.232,22.417
2017-12-08,40.893,39.117,35.854,29.641,22.645
2017-12-15,40.639,39.301,36.261,30.053,22.877
2017-12-22,40.596,39.521,36.665,30.463,23.111
2017-12-29,39.984,39.383,36.865,30.788,23.318
2018-01-05,40.199,39.609,37.224,31.174,23.547
2018-01-12,40.983,40.144,37.731,31.62,23.799
2018-01-19,40.802,40.198,37.989,31.966,24.019
2018-01-26,40.358,40.066,38.13,32.26,24.224
2018-02-02,38.405,39.054,37.784,32.348,24.36
2018-02-09,35.92,37.58,37.133,32.293,24.447
2018-02-14,34.823,36.68,36.704,32.307,24.556
2018-02-23,34.839,36.351,36.53,32.407,24.692
2018-03-02,35.353,36.356,36.515,32.563,24.847
2018-03-09,36.262,36.67,36.664,32.779,25.022
2018-03-16,37.618,37.335,37.014,33.075,25.225
2018-03-23,36.905,36.998,36.868,33.17,25.361
2018-03-30,37.9,37.524,37.155,33.433,25.553
2018-04-04,37.73,37.499,37.178,33.588,25.71
2018-04-13,37.583,37.461,37.188,33.734,25.864
2018-04-20,37.316,37.337,37.15,33.853,26.008
2018-04-27,36.384,36.825,36.899,33.879,26.121
2018-05-04,36.079,36.579,36.763,33.942,26.245
2018-05-11,36.143,36.523,36.716,34.033,26.377
2018-05-18,36.282,36.529,36.701,34.132,26.512
2018-05-25,36.125,36.399,36.616,34.198,26.636
2018-06-01,36.433,36.517,36.658,34.31,26.773
2018-06-08,36.245,36.399,36.583,34.371,26.894
2018-06-15,35.8,36.129,36.423,34.392,27.0
2018-06-22,33.95,35.06,35.835,34.23,27.043
2018-06-29,33.123,34.407,35.42,34.121,27.102
2018-07-06,32.229,33.686,34.945,33.977,27.146
2018-07-13,32.166,33.387,34.669,33.901,27.211
2018-07-20,31.781,32.954,34.32,33.788,27.261
2018-07-27,31.654,32.672,34.042,33.694,27.316
2018-08-03,30.613,31.919,33.517,33.491,27.332
2018-08-10,30.232,31.474,33.132,33.334,27.36
2018-08-17,29.554,30.878,32.662,33.132,27.371
2018-08-24,29.223,30.457,32.271,32.953,27.387
2018-08-31,29.699,30.492,32.117,32.863,27.43
2018-09-07,29.889,30.452,31.941,32.761,27.468
2018-09-14,29.543,30.16,31.647,32.608,27.486
2018-09-21,29.528,30.04,31.442,32.486,27.513
2018-09-28,29.009,29.664,31.112,32.309,27.519
2018-10-12,26.843,28.363,30.292,31.925,27.453
2018-10-19,24.822,26.984,29.386,31.487,27.364
2018-10-26,23.748,26.005,28.645,31.1,27.288
2018-11-02,23.882,25.668,28.217,30.827,27.246
2018-11-09,23.635,25.208,27.733,30.526,27.192
2018-11-16,24.06,25.154,27.464,30.306,27.162
2018-11-23,24.106,24.981,27.153,30.066,27.123
2018-11-30,24.078,24.806,26.855,29.829,27.081
2018-12-07,24.012,24.638,26.572,29.596,27.039
2018-12-14,24.055,24.547,26.34,29.382,27.001
2018-12-21,23.586,24.202,25.989,29.118,26.943
2018-12-28,23.738,24.173,25.803,28.919,26.905
2019-01-04,24.668,24.601,25.872,28.825,26.9
2019-01-11,25.902,25.287,26.11,28.807,26.919
2019-01-18,26.445,25.694,26.245,28.757,26.927
2019-01-25,26.83,26.041,26.374,28.712,26.936
2019-02-01,27.187,26.379,26.52,28.68,26.949
2019-02-15,27.978,26.957,26.809,28.714,26.983
2019-02-22,28.682,27.527,27.122,28.768,27.025
2019-03-01,30.865,28.927,27.894,29.022,27.133
2019-03-08,32.993,30.441,28.785,29.344,27.267
2019-03-15,33.795,31.342,29.415,29.582,27.375
2019-03-22,34.467,32.155,30.024,29.826,27.487
2019-03-29,34.875,32.797,30.564,30.056,27.595
2019-04-04,35.483,33.507,31.148,30.317,27.716
2019-04-12,35.132,33.675,31.461,30.478,27.805
2019-04-19,34.888,33.807,31.741,30.632,27.892
2019-04-26,34.055,33.549,31.802,30.701,27.952
2019-04-30,33.274,33.215,31.794,30.74,28.002
2019-05-10,32.156,32.616,31.615,30.708,28.027
2019-05-17,31.18,32.0,31.388,30.65,28.043
2019-05-24,30.197,31.315,31.087,30.555,28.045
2019-05-31,29.625,30.799,30.839,30.474,28.051
2019-06-06,28.913,30.198,30.52,30.357,28.044
2019-06-14,28.619,29.803,30.283,30.266,28.044
2019-06-21,29.702,30.179,30.434,30.328,28.094
2019-06-28,30.682,30.627,30.644,30.419,28.154
2019-07-05,31.678,31.18,30.932,30.547,28.228
2019-07-12,31.915,31.4,31.071,30.619,28.283
2019-07-19,31.827,31.445,31.126,30.659,28.327
2019-07-26,32.291,31.768,31.326,30.76,28.392
2019-08-02,31.987,31.698,31.331,30.784,28.432
2019-08-09,30.995,31.209,31.11,30.715,28.439
2019-08-16,31.167,31.264,31.148,30.746,28.48
2019-08-23,31.284,31.31,31.183,30.776,28.52
2019-08-30,31.623,31.49,31.29,30.836,28.57
2019-09-06,32.469,31.976,31.563,30.966,28.644
2019-09-12,32.972,32.34,31.793,31.084,28.715
2019-09-20,33.065,32.505,31.932,31.169,28.775
2019-09-27,32.723,32.421,31.942,31.203,28.818
2019-09-30,32.236,32.21,31.877,31.206,28.851
2019-10-11,32.584,32.404,32.011,31.287,28.909
2019-10-18,33.112,32.725,32.217,31.4,28.979
2019-10-25,33.012,32.741,32.273,31.455,29.03
2019-11-01,33.014,32.792,32.344,31.517,29.083
2019-11-08,33.343,33.011,32.502,31.614,29.148
2019-11-15,32.992,32.88,32.482,31.641,29.189
2019-11-22,33.188,33.007,32.586,31.717,29.247
2019-11-29,32.945,32.908,32.574,31.746,29.29
2019-12-06,32.604,32.728,32.512,31.753,29.325
2019-12-13,32.469,32.632,32.482,31.77,29.363
2019-12-20,32.623,32.686,32.525,31.816,29.41
2019-12-27,33.015,32.889,32.646,31.893,29.468
2020-01-03,33.397,33.12,32.79,31.982,29.53
2020-01-10,34.184,33.6,33.073,32.131,29.613
2020-01-17,34.61,33.938,33.301,32.261,29.69
2020-01-23,34.636,34.075,33.433,32.356,29.757
2020-02-07,35.878,34.854,33.902,32.592,29.871
2020-02-14,36.538,35.401,34.279,32.798,29.976
2020-02-21,37.972,36.39,34.904,33.114,30.12
2020-02-28,38.012,36.699,35.207,33.309,30.226
2020-03-06,39.124,37.544,35.792,33.624,30.373
2020-03-13,38.686,37.593,35.985,33.788,30.472
2020-03-20,37.701,37.254,35.96,33.865,30.541
2020-03-27,36.964,36.933,35.916,33.928,30.607
2020-04-03,36.076,36.455,35.762,33.943,30.656
2020-04-10,35.804,36.237,35.714,33.994,30.717
2020-04-17,35.246,35.854,35.563,34.0,30.762
2020-04-24,34.577,35.379,35.342,33.97,30.795
2020-04-30,33.978,34.906,35.098,33.923,30.821
2020-05-08,33.909,34.7,34.971,33.917,30.86
2020-05-15,33.579,34.376,34.776,33.878,30.887
2020-05-22,33.019,33.926,34.502,33.801,30.901
2020-05-29,32.496,33.476,34.211,33.708,30.908
2020-06-05,32.624,33.367,34.085,33.676,30.934
2020-06-12,33.216,33.555,34.115,33.704,30.98
2020-06-19,33.747,33.783,34.181,33.748,31.031
2020-06-24,34.558,34.219,34.371,33.843,31.099
2020-07-03,35.616,34.857,34.691,33.996,31.187
2020-07-10,37.32,35.925,35.266,34.26,31.313
2020-07-17,37.16,36.092,35.416,34.361,31.387
2020-07-24,36.623,35.993,35.429,34.407,31.442
2020-07-31,36.489,36.034,35.504,34.479,31.505
2020-08-07,36.856,36.317,35.703,34.601,31.586
2020-08-14,37.254,36.632,35.926,34.736,31.671
2020-08-21,37.653,36.963,36.167,34.881,31.761
2020-08-28,37.475,36.991,36.258,34.969,31.832
2020-09-04,37.177,36.917,36.288,35.032,31.895
2020-09-11,36.218,36.441,36.099,35.004,31.927
2020-09-18,35.872,36.212,36.011,35.011,31.97
2020-09-25,35.288,35.831,35.831,34.976,31.998
2020-09-30,34.815,35.475,35.644,34.932,32.023
2020-10-09,34.924,35.414,35.596,34.94,32.064
2020-10-16,35.022,35.379,35.561,34.951,32.106
2020-10-23,34.798,35.192,35.445,34.928,32.136
2020-10-30,35.745,35.637,35.654,35.034,32.209
2020-11-06,37.394,36.556,36.134,35.256,32.321
2020-11-13,38.996,37.582,36.712,35.528,32.452
2020-11-20,39.504,38.116,37.074,35.724,32.559
2020-11-27,38.969,38.077,37.153,35.809,32.63
2020-12-04,38.749,38.119,37.263,35.907,32.705
2020-12-11,38.493,38.094,37.331,35.989,32.775
2020-12-18,38.472,38.155,37.436,36.084,32.85
2020-12-25,38.221,38.076,37.463,36.149,32.914
2020-12-31,38.971,38.511,37.749,36.318,33.014
2021-01-08,40.197,39.264,38.216,36.566,33.142
2021-01-15,41.378,40.078,38.742,36.848,33.282
2021-01-22,44.729,42.142,39.951,37.42,33.523
2021-01-29,45.269,42.907,40.56,37.77,33.692
2021-02-05,44.606,42.975,40.819,37.986,33.819
2021-02-10,47.454,44.825,41.993,38.581,34.075
2021-02-19,48.703,45.984,42.87,39.075,34.302
2021-02-26,48.405,46.316,43.341,39.418,34.481
2021-03-05,48.017,46.484,43.712,39.725,34.65
2021-03-12,48.185,46.854,44.17,40.07,34.834
2021-03-19,46.876,46.382,44.179,40.234,34.959
2021-03-26,46.984,46.531,44.466,40.507,35.121
2021-04-02,47.386,46.833,44.821,40.808,35.294
2021-04-09,46.947,46.694,44.94,41.015,35.437
2021-04-16,46.598,46.55,45.031,41.206,35.575
2021-04-23,47.759,47.192,45.512,41.554,35.767
2021-04-30,48.696,47.806,45.994,41.908,35.963
2021-05-07,48.571,47.899,46.215,42.159,36.127
2021-05-14,50.234,48.929,46.915,42.606,36.358
2021-05-21,51.419,49.812,47.57,43.045,36.589
2021-05-28,54.793,51.945,48.9,43.77,36.919
2021-06-04,56.045,53.146,49.819,44.35,37.206
2021-06-11,56.53,53.937,50.551,44.866,37.475
2021-06-18,59.613,56.091,52.001,45.686,37.85
2021-06-25,60.772,57.363,53.057,46.368,38.184
2021-07-02,61.438,58.346,53.982,47.011,38.51
2021-07-09,61.359,58.865,54.67,47.568,38.81
2021-07-16,61.106,59.181,55.234,48.079,39.099
2021-07-23,61.537,59.766,55.917,48.641,39.407
2021-07-30,60.491,59.518,56.153,49.023,39.659
2021-08-06,59.261,59.023,56.215,49.328,39.886
2021-08-13,57.484,58.097,55.997,49.509,40.072
2021-08-20,55.489,56.898,55.569,49.587,40.223
2021-08-27,54.47,56.086,55.27,49.698,40.385
2021-09-03,52.756,54.857,54.704,49.684,40.503
2021-09-10,52.474,54.321,54.438,49.771,40.655
2021-09-17,51.899,53.672,54.087,49.81,40.788
2021-09-24,52.233,53.532,53.974,49.931,40.949
2021-09-30,52.389,53.38,53.853,50.039,41.104
2021-10-08,53.132,53.606,53.926,50.219,41.283
2021-10-15,53.678,53.817,54.006,50.397,41.462
2021-10-22,53.632,53.767,53.962,50.521,41.622
2021-10-29,54.495,54.213,54.177,50.744,41.815
2021-11-05,55.58,54.856,54.517,51.019,42.026
2021-11-12,56.31,55.386,54.827,51.284,42.235
2021-11-19,56.43,55.619,55.002,51.495,42.426
2021-11-26,55.743,55.392,54.942,51.608,42.584
2021-12-03,54.952,55.025,54.792,51.677,42.727
2021-12-10,54.501,54.766,54.679,51.752,42.871
2021-12-17,53.654,54.255,54.42,51.76,42.991
2021-12-24,52.74,53.647,54.086,51.727,43.096
2021-12-31,52.596,53.404,53.917,51.75,43.218
2022-01-07,51.561,52.692,53.495,51.661,43.301
2022-01-14,49.911,51.587,52.839,51.463,43.345
2022-01-21,49.144,50.864,52.341,51.312,43.402
2022-01-28,47.162,49.47,51.471,50.994,43.399
2022-02-11,47.108,49.021,51.045,50.837,43.447
2022-02-18,48.319,49.334,51.016,50.833,43.543
2022-02-25,48.576,49.289,50.832,50.765,43.617
2022-03-04,48.787,49.275,50.678,50.704,43.691
2022-03-11,47.972,48.741,50.265,50.533,43.726
2022-03-18,47.708,48.457,49.971,50.401,43.772
2022-03-25,47.232,48.062,49.619,50.24,43.805
2022-04-01,46.881,47.719,49.292,50.081,43.836
2022-04-08,46.144,47.165,48.852,49.868,43.847
2022-04-15,44.556,46.113,48.14,49.536,43.815
2022-04-22,42.491,44.703,47.209,49.097,43.743
2022-04-29,40.594,43.266,46.217,48.615,43.651
2022-05-06,39.176,42.007,45.277,48.134,43.554
2022-05-13,37.981,40.84,44.354,47.642,43.448
2022-05-20,37.287,39.942,43.549,47.181,43.348
2022-05-27,36.445,39.0,42.712,46.694,43.235
2022-06-02,36.536,38.585,42.141,46.303,43.148
2022-06-10,36.921,38.423,41.717,45.965,43.076
2022-06-17,37.457,38.442,41.414,45.674,43.016
2022-06-24,38.855,39.025,41.436,45.516,42.998
2022-07-01,39.59,39.395,41.4,45.341,42.972
2022-07-08,40.56,39.96,41.505,45.23,42.966
2022-07-15,40.233,39.891,41.322,45.008,42.921
2022-07-22,40.529,40.114,41.303,44.856,42.897
2022-07-29,40.999,40.446,41.363,44.741,42.884
2022-08-05,41.366,40.747,41.433,44.638,42.874
2022-08-12,41.281,40.813,41.403,44.499,42.851
2022-08-19,40.467,40.454,41.159,44.278,42.798
2022-08-26,39.348,39.846,40.773,43.996,42.722
2022-09-02,38.662,39.381,40.441,43.733,42.65
2022-09-09,38.125,38.958,40.118,43.471,42.576
2022-09-16,37.2,38.302,39.664,43.153,42.48
2022-09-23,36.01,37.452,39.09,42.779,42.363
2022-09-30,34.913,36.592,38.483,42.385,42.235
2022-10-14,34.242,35.921,37.951,42.013,42.112
2022-10-21,34.061,35.517,37.546,41.687,42.0
2022-10-28,33.991,35.214,37.194,41.38,41.892
2022-11-04,34.527,35.284,37.042,41.153,41.809
2022-11-11,34.472,35.116,36.787,40.887,41.71
2022-11-18,34.564,35.049,36.593,40.646,41.618
2022-11-25,33.766,34.526,36.172,40.314,41.493
2022-12-02,33.467,34.225,35.857,40.022,41.379
2022-12-09,33.612,34.166,35.671,39.782,41.28
2022-12-16,33.674,34.099,35.493,39.547,41.181
2022-12-23,33.536,33.947,35.28,39.3,41.076
2022-12-30,33.268,33.725,35.037,39.043,40.965
2023-01-06,33.458,33.746,34.923,38.839,40.871
2023-01-13,33.359,33.64,34.755,38.616,40.769
2023-01-20,34.833,34.392,35.043,38.583,40.729
2023-02-03,37.808,36.096,35.873,38.786,40.769
2023-02-10,41.142,38.226,37.01,39.14,40.863
2023-02-17,42.962,39.748,37.924,39.433,40.939
2023-02-24,44.991,41.439,38.983,39.81,41.046
2023-03-03,46.864,43.107,40.091,40.233,41.173
2023-03-10,47.086,43.911,40.799,40.52,41.257
2023-03-17,48.784,45.414,41.883,40.977,41.402
2023-03-24,52.496,48.052,43.601,41.72,41.647
2023-03-31,56.191,50.875,45.504,42.577,41.937
2023-04-07,59.26,53.516,47.398,43.472,42.248
2023-04-14,59.2,54.528,48.511,44.084,42.471
2023-04-21,58.78,55.148,49.409,44.627,42.676
2023-04-28,59.353,56.121,50.465,45.25,42.912
2023-05-05,58.886,56.454,51.178,45.748,43.111
2023-05-12,60.304,57.669,52.317,46.43,43.376
2023-05-19,60.143,58.06,53.032,46.955,43.594
2023-05-26,58.938,57.782,53.365,47.331,43.766
2023-06-02,61.526,59.404,54.635,48.09,44.069
2023-06-09,63.1,60.648,55.741,48.802,44.363
2023-06-16,66.804,63.114,57.5,49.799,44.758
2023-06-21,70.369,65.73,59.405,50.885,45.192
2023-06-30,69.533,66.117,60.21,51.551,45.492
2023-07-07,69.225,66.57,61.01,52.22,45.799
2023-07-14,69.547,67.228,61.884,52.924,46.122
2023-07-21,67.891,66.747,62.141,53.381,46.366
2023-07-28,66.071,65.962,62.169,53.736,46.579
2023-08-04,65.204,65.509,62.293,54.118,46.803
