日期,difference,avg_gain_7,avg_loss_7,avg_gain_14,avg_loss_14,RSI_7,RSI_14,SMA_7
2008-05-16,0.0,0.0743,0.1129,0.0743,0.1193,39.66,38.323,0.0
2008-05-23,0.35,0.1137,0.0967,0.094,0.1108,54.01,45.843,0.0
2008-05-30,-0.06,0.0974,0.0915,0.0873,0.1071,51.532,44.852,0.0
2008-06-06,0.17,0.1078,0.0784,0.0932,0.0995,57.865,48.31,0.0
2008-06-13,-0.45,0.0924,0.1315,0.0865,0.1245,41.238,40.94,0.0
2008-06-20,-0.21,0.0792,0.1427,0.0803,0.1306,35.662,38.02,0.0
2008-06-27,-0.07,0.0679,0.1323,0.0746,0.1263,33.886,37.078,44.836
2008-07-04,0.09,0.071,0.1134,0.0757,0.1173,38.473,39.168,44.667
2008-07-11,0.32,0.1066,0.0972,0.0932,0.1089,52.276,46.061,44.419
2008-07-18,-0.21,0.0914,0.1133,0.0865,0.1161,44.621,42.64,43.432
2008-07-25,0.11,0.094,0.0971,0.0882,0.1078,49.159,44.945,42.188
2008-08-01,-0.18,0.0806,0.109,0.0819,0.113,42.481,41.967,42.365
2008-08-08,-0.09,0.0691,0.1063,0.076,0.1113,39.366,40.522,42.895
2008-08-15,-0.4,0.0592,0.1482,0.0706,0.132,28.514,34.792,42.127
2008-08-22,-0.06,0.0508,0.1356,0.0656,0.1268,27.223,34.041,40.52
2008-08-29,-0.19,0.0435,0.1434,0.0609,0.1313,23.244,31.631,36.373
2008-09-05,-0.12,0.0373,0.1401,0.0565,0.1305,20.996,30.159,32.998
2008-09-12,-0.14,0.032,0.14,0.0525,0.1312,18.575,28.524,28.628
2008-09-19,0.11,0.0431,0.12,0.0566,0.1218,26.396,31.671,26.331
2008-09-26,-0.28,0.037,0.1429,0.0526,0.1331,20.537,28.27,23.641
2008-10-10,-0.16,0.0317,0.1453,0.0488,0.135,17.88,26.496,22.122
2008-10-17,0.1,0.0414,0.1246,0.0525,0.1254,24.91,29.456,21.791
2008-10-24,0.11,0.0512,0.1068,0.0566,0.1164,32.375,32.662,23.096
2008-10-31,0.11,0.0596,0.0915,0.0604,0.1081,39.414,35.791,25.727
2008-11-07,0.02,0.054,0.0784,0.0575,0.1004,40.755,36.36,28.895
2008-11-14,0.1,0.0605,0.0672,0.0605,0.0932,47.347,39.307,31.888
2008-11-21,0.06,0.0605,0.0576,0.0605,0.0866,51.198,41.073,36.268
2008-11-28,-0.17,0.0518,0.0737,0.0562,0.0925,41.245,37.739,39.606
2008-12-05,0.21,0.0744,0.0632,0.0672,0.0859,54.04,43.838,43.768
2008-12-12,-0.04,0.0638,0.0599,0.0624,0.0826,51.546,42.979,46.506
2008-12-19,0.38,0.109,0.0513,0.0851,0.0767,67.968,52.541,50.586
2008-12-26,-0.14,0.0934,0.064,0.079,0.0813,59.309,49.228,53.236
2008-12-31,0.0,0.0801,0.0548,0.0733,0.0755,59.347,49.206,54.95
2009-01-09,0.24,0.1029,0.047,0.0852,0.0701,68.616,54.807,57.439
2009-01-16,-0.01,0.0882,0.0417,0.0792,0.0658,67.868,54.566,61.242
2009-01-23,-0.07,0.0756,0.0458,0.0735,0.0661,62.243,52.595,62.414
2009-02-06,0.08,0.0762,0.0392,0.074,0.0614,66.001,54.598,64.479
2009-02-13,0.03,0.0696,0.0336,0.0708,0.057,67.412,55.344,64.399
2009-02-20,0.03,0.064,0.0288,0.0679,0.0529,68.936,56.154,65.775
2009-02-27,-0.19,0.0548,0.0518,0.0631,0.0627,51.377,50.104,64.636
2009-03-06,0.15,0.0684,0.0444,0.0693,0.0582,60.608,54.298,63.492
2009-03-13,0.21,0.0886,0.0381,0.0793,0.0541,69.899,59.39,63.782
2009-03-20,-0.06,0.076,0.0412,0.0737,0.0545,64.816,57.433,64.15
2009-03-27,-0.08,0.0651,0.0468,0.0684,0.0563,58.147,54.797,63.028
2009-04-03,0.39,0.1115,0.0401,0.0914,0.0523,73.519,63.55,63.9
2009-04-10,0.02,0.0985,0.0344,0.0863,0.0485,74.086,63.966,64.636
2009-04-17,0.04,0.0901,0.0294,0.083,0.0451,75.367,64.738,68.063
2009-04-24,-0.02,0.0772,0.0281,0.077,0.0433,73.284,63.952,69.874
2009-04-30,0.0,0.0662,0.0241,0.0715,0.0402,73.281,63.956,70.357
2009-05-08,-0.06,0.0567,0.0292,0.0664,0.0416,65.977,61.426,70.523
2009-05-15,0.11,0.0644,0.025,0.0695,0.0386,72.006,64.237,72.503
2009-05-22,-0.03,0.0552,0.0257,0.0646,0.038,68.202,62.908,71.743
2009-05-27,-0.04,0.0473,0.0278,0.06,0.0382,62.953,61.045,70.153
2009-06-05,-0.06,0.0405,0.0324,0.0557,0.0397,55.526,58.331,67.318
2009-06-12,0.02,0.0376,0.0278,0.0531,0.0369,57.462,58.945,65.058
2009-06-19,-0.01,0.0322,0.0252,0.0493,0.035,56.068,58.427,62.599
2009-06-26,0.02,0.0305,0.0216,0.0472,0.0325,58.511,59.167,61.533
2009-07-03,0.0,0.0261,0.0185,0.0439,0.0301,58.49,59.269,59.602
2009-07-10,0.26,0.0595,0.0159,0.0593,0.028,78.882,67.872,61.127
2009-07-17,1.36,0.2453,0.0136,0.1522,0.026,94.717,85.355,65.665
2009-07-24,-0.13,0.2103,0.0302,0.1413,0.0334,87.413,80.827,70.22
2009-07-31,0.57,0.2617,0.0259,0.172,0.031,90.964,84.674,75.006
2009-08-07,0.2,0.2529,0.0222,0.174,0.0288,91.9,85.744,80.125
2009-08-14,-0.44,0.2167,0.0819,0.1615,0.0582,72.542,73.454,82.13
2009-08-21,-0.3,0.1858,0.1131,0.15,0.0755,62.131,66.464,82.65
2009-08-28,-0.28,0.1592,0.1369,0.1393,0.0901,53.736,60.669,79.058
2009-09-04,0.03,0.1408,0.1173,0.1315,0.0836,54.522,61.079,73.315
2009-09-11,0.24,0.1549,0.1006,0.1392,0.0777,60.596,64.122,69.484
2009-09-18,0.15,0.1542,0.0862,0.14,0.0721,64.113,65.952,65.649
2009-09-25,-0.21,0.1322,0.1039,0.13,0.082,55.963,61.266,60.515
2009-09-30,-0.29,0.1133,0.1305,0.1207,0.0968,46.443,55.439,56.786
2009-10-09,0.37,0.15,0.1118,0.1385,0.0899,57.266,60.584,56.091
2009-10-16,0.05,0.1357,0.0959,0.1322,0.0835,58.562,61.234,56.781
2009-10-23,-0.04,0.1163,0.0879,0.1228,0.0804,56.924,60.378,57.124
2009-10-30,-0.18,0.0997,0.101,0.114,0.0875,49.646,56.521,55.56
2009-11-06,0.21,0.1155,0.0866,0.1208,0.0812,57.12,59.747,54.561
2009-11-13,-0.02,0.099,0.0771,0.1122,0.0769,56.188,59.279,54.593
2009-11-20,0.06,0.0934,0.0661,0.1085,0.0714,58.528,60.256,56.319
2009-11-27,-0.25,0.0801,0.0924,0.1007,0.0841,46.405,54.436,54.768
2009-12-04,0.1,0.0829,0.0792,0.1007,0.0781,51.111,56.265,53.703
2009-12-11,0.54,0.1482,0.0679,0.1321,0.0725,68.549,64.51,55.364
2009-12-18,-0.56,0.127,0.1382,0.1226,0.1074,47.858,53.249,55.108
2009-12-25,0.11,0.1246,0.1184,0.1217,0.0997,51.246,54.913,54.269
2009-12-31,0.14,0.1268,0.1015,0.123,0.0926,55.511,56.995,54.173
2010-01-08,0.1,0.123,0.087,0.1214,0.086,58.541,58.479,54.174
2010-01-15,0.31,0.1497,0.0746,0.1349,0.0798,66.711,62.777,57.075
2010-01-22,-0.2,0.1283,0.0925,0.1252,0.0884,58.077,58.559,58.07
2010-01-29,-0.12,0.11,0.0964,0.1163,0.0907,53.265,56.129,55.887
2010-02-05,-0.35,0.0943,0.1326,0.108,0.1092,41.53,49.669,54.983
2010-02-12,0.0,0.0808,0.1137,0.1003,0.1014,41.512,49.672,53.592
2010-02-26,0.25,0.105,0.0975,0.111,0.0941,51.822,54.065,53.065
2010-03-05,-0.22,0.09,0.115,0.103,0.1031,43.872,49.921,50.97
2010-03-12,0.05,0.0843,0.0985,0.0992,0.0958,46.086,50.817,48.023
2010-03-19,0.23,0.1051,0.0845,0.1086,0.0889,55.402,54.932,47.641
2010-03-26,0.26,0.1272,0.0724,0.1194,0.0826,63.697,59.054,49.132
2010-04-02,0.24,0.1433,0.0621,0.128,0.0767,69.736,62.476,53.161
2010-04-09,0.54,0.2,0.0532,0.1574,0.0712,78.959,68.799,58.511
2010-04-16,0.06,0.18,0.0456,0.1505,0.0661,79.757,69.428,62.501
2010-04-23,0.12,0.1714,0.0391,0.1483,0.0614,81.395,70.665,67.862
2010-04-30,-0.56,0.1469,0.1135,0.1377,0.097,56.383,58.616,69.333
2010-05-07,-0.06,0.1259,0.1059,0.1279,0.0944,54.284,57.48,69.173
2010-05-14,-0.42,0.108,0.1507,0.1187,0.1176,41.717,50.178,66.033
2010-05-21,0.16,0.1154,0.1292,0.1217,0.1092,47.149,52.652,62.806
2010-05-28,-0.02,0.0989,0.1136,0.113,0.1028,46.511,52.308,58.171
2010-06-04,0.08,0.0962,0.0974,0.1106,0.0955,49.66,53.608,53.871
2010-06-11,0.25,0.1182,0.0835,0.1206,0.0887,58.572,57.566,50.611
2010-06-18,-0.23,0.1013,0.1044,0.112,0.0988,49.216,53.076,49.587
2010-06-25,-0.09,0.0868,0.1023,0.104,0.0981,45.872,51.405,48.385
2010-07-02,-0.74,0.0744,0.1934,0.0966,0.144,27.752,40.095,46.39
2010-07-09,0.27,0.1024,0.1658,0.1089,0.1337,38.15,44.834,45.105
2010-07-16,-0.14,0.0877,0.1621,0.1012,0.1342,35.078,42.936,43.471
2010-07-23,0.57,0.1566,0.139,0.1346,0.1246,52.947,51.874,43.941
2010-07-30,0.25,0.17,0.1191,0.1429,0.1157,58.773,55.204,43.97
2010-08-06,0.0,0.1457,0.1021,0.1327,0.1074,58.767,55.214,45.334
2010-08-13,0.15,0.1463,0.0875,0.1339,0.0997,62.545,57.265,47.716
2010-08-20,-0.04,0.1254,0.0807,0.1244,0.0955,60.814,56.516,52.439
2010-08-27,0.36,0.1589,0.0692,0.1412,0.0887,69.632,61.363,56.937
2010-09-03,0.58,0.2191,0.0593,0.1725,0.0823,78.67,67.645,63.164
2010-09-10,0.47,0.2549,0.0508,0.1938,0.0764,83.352,71.67,67.508
2010-09-17,-0.07,0.2185,0.0536,0.1799,0.076,80.271,70.246,70.579
2010-09-21,-0.21,0.1873,0.0759,0.1671,0.0856,71.133,66.071,72.345
2010-09-30,0.06,0.1691,0.0651,0.1594,0.0794,72.173,66.695,73.721
2010-10-08,-0.2,0.1449,0.0843,0.148,0.0881,63.19,62.63,74.06
2010-10-15,-0.59,0.1242,0.1566,0.1375,0.1239,44.201,52.546,70.427
2010-10-22,0.87,0.2308,0.1342,0.1898,0.1151,63.203,62.195,68.218
2010-10-29,0.84,0.3178,0.115,0.2362,0.1068,73.399,68.808,66.796
2010-11-05,1.34,0.4638,0.0986,0.3151,0.0992,82.438,76.001,67.105
2010-11-12,-0.08,0.3976,0.0959,0.2926,0.0978,80.537,74.894,68.449
2010-11-19,1.62,0.5722,0.0822,0.3874,0.0908,87.409,80.957,70.625
2010-11-26,-0.21,0.4905,0.1005,0.3597,0.0994,82.965,78.294,73.45
2010-12-03,-0.83,0.4204,0.2047,0.334,0.1515,67.223,68.74,76.739
2010-12-10,0.41,0.4189,0.1755,0.3395,0.1407,70.444,70.645,77.774
2010-12-17,0.66,0.4534,0.1504,0.3623,0.1307,75.061,73.434,78.011
2010-12-24,-1.13,0.3886,0.2903,0.3365,0.2021,57.21,62.422,74.407
2010-12-31,0.41,0.3916,0.2489,0.3417,0.1876,61.11,64.502,71.632
2011-01-07,-0.46,0.3357,0.279,0.3173,0.2071,54.582,60.452,66.942
2011-01-14,-0.39,0.2877,0.2949,0.2946,0.2201,49.352,57.182,62.14
2011-01-21,-0.96,0.2466,0.3899,0.2736,0.273,38.713,50.0,58.067
2011-01-28,-0.34,0.2114,0.3828,0.2541,0.2778,35.547,47.717,53.082
2011-02-01,0.4,0.2383,0.3281,0.2645,0.2579,42.043,50.577,48.365
2011-02-11,0.2,0.2329,0.2812,0.2599,0.2395,45.272,51.987,46.66
2011-02-17,0.27,0.2382,0.241,0.2606,0.2224,49.678,53.899,45.027
2011-02-25,0.0,0.2041,0.2066,0.242,0.2065,49.666,53.903,44.324
2011-03-04,-0.23,0.175,0.21,0.2247,0.2082,45.425,51.851,43.763
2011-03-11,1.22,0.3243,0.18,0.2958,0.1933,64.277,60.423,47.415
2011-03-18,-0.44,0.2779,0.2171,0.2747,0.2109,56.111,56.514,50.353
2011-03-25,-0.24,0.2382,0.2204,0.255,0.213,51.911,54.432,51.763
2011-04-01,-0.25,0.2042,0.2246,0.2368,0.2157,47.591,52.276,52.094
2011-04-08,-0.52,0.175,0.2668,0.2199,0.2374,39.581,48.032,50.652
2011-04-15,0.2,0.1786,0.2287,0.2185,0.2204,43.82,49.729,49.817
2011-04-22,0.19,0.1802,0.196,0.2165,0.2047,47.87,51.346,50.166
2011-04-29,-0.26,0.1545,0.2052,0.201,0.2086,42.922,49.017,47.115
2011-05-06,0.35,0.1824,0.1759,0.2116,0.1937,50.877,52.153,46.367
2011-05-13,-0.54,0.1564,0.2279,0.1965,0.2185,40.667,47.294,44.761
2011-05-20,-0.33,0.134,0.2425,0.1825,0.2264,35.561,44.577,43.043
2011-05-27,-0.58,0.1149,0.2907,0.1694,0.2517,28.298,40.173,41.431
2011-06-03,-0.08,0.0985,0.2606,0.1573,0.2394,27.4,39.597,39.085
2011-06-10,0.21,0.1144,0.2234,0.1611,0.2223,33.836,41.964,37.08
2011-06-17,-0.14,0.0981,0.2115,0.1496,0.2164,31.656,40.819,35.471
2011-06-24,0.19,0.1112,0.1812,0.1525,0.201,38.0,43.085,33.631
2011-07-01,0.37,0.1482,0.1554,0.168,0.1866,48.784,47.322,34.791
2011-07-08,0.58,0.2099,0.1332,0.1974,0.1733,61.147,53.196,38.446
2011-07-15,0.09,0.1927,0.1141,0.1898,0.1609,62.78,54.065,43.372
2011-07-22,-0.52,0.1652,0.1721,0.1762,0.1866,48.947,48.512,46.45
2011-07-29,-0.38,0.1416,0.2018,0.1636,0.2004,41.205,44.89,47.503
2011-08-05,0.0,0.1214,0.173,0.1519,0.1861,41.206,44.886,48.867
2011-08-12,-0.39,0.104,0.204,0.1411,0.2006,33.736,41.239,48.258
2011-08-19,-0.15,0.0892,0.1963,0.131,0.197,31.213,39.884,45.748
2011-08-26,0.27,0.115,0.1682,0.1409,0.1829,40.577,43.46,42.809
2011-09-02,-0.25,0.0986,0.1799,0.1309,0.1877,35.374,41.031,38.894
2011-09-09,-0.13,0.0845,0.1728,0.1215,0.1836,32.811,39.768,36.589
2011-09-16,0.01,0.0739,0.1481,0.1136,0.1705,33.258,39.931,35.454
2011-09-23,-0.21,0.0633,0.1569,0.1054,0.1733,28.717,37.763,33.669
2011-09-30,-0.72,0.0543,0.2374,0.0979,0.2124,18.585,31.495,31.505
2011-10-14,0.68,0.1436,0.2035,0.1395,0.1972,41.341,41.377,32.952
2011-10-21,0.23,0.156,0.1744,0.146,0.1831,47.185,44.308,33.896
2011-10-28,0.24,0.168,0.1495,0.1527,0.17,52.883,47.264,36.397
2011-11-04,0.54,0.2211,0.1281,0.1803,0.1579,63.286,53.257,40.751
2011-11-11,-0.26,0.1895,0.147,0.1675,0.1652,56.285,50.291,44.04
2011-11-18,0.0,0.1625,0.126,0.1555,0.1534,56.296,50.285,47.98
2011-11-25,0.08,0.1507,0.108,0.1501,0.1424,58.223,51.261,53.643
2011-12-02,-0.27,0.1292,0.1311,0.1394,0.1515,49.605,47.865,54.823
2011-12-09,-0.65,0.1107,0.2052,0.1294,0.1871,35.013,40.83,53.084
2011-12-16,0.3,0.1377,0.1759,0.1416,0.1738,43.879,44.84,51.798
2011-12-23,0.09,0.1309,0.1508,0.1379,0.1614,46.438,46.019,49.391
2011-12-30,-0.07,0.1122,0.1393,0.1281,0.1548,44.582,45.226,47.719
2012-01-06,-1.14,0.0962,0.2822,0.1189,0.2252,25.393,34.499,43.305
2012-01-13,0.06,0.091,0.2419,0.1147,0.2091,27.306,35.368,38.888
2012-01-20,0.08,0.0894,0.2073,0.1122,0.1942,30.101,36.564,36.102
2012-02-03,0.33,0.1238,0.1777,0.1278,0.1803,41.031,41.425,36.961
2012-02-10,0.21,0.1361,0.1523,0.1337,0.1674,47.161,44.349,37.43
2012-02-17,0.4,0.1738,0.1306,0.1527,0.1555,57.066,49.491,38.949
2012-02-24,0.67,0.2447,0.1119,0.1896,0.1444,68.59,56.711,42.378
2012-03-02,0.45,0.274,0.0959,0.2082,0.1341,74.044,60.769,49.328
2012-03-09,0.08,0.2463,0.0822,0.1991,0.1245,74.947,61.472,56.134
2012-03-16,0.04,0.2168,0.0705,0.1877,0.1156,75.431,61.831,62.61
2012-03-23,-0.68,0.1859,0.1576,0.1743,0.1559,54.089,52.731,64.475
2012-03-30,-0.34,0.1593,0.1836,0.1619,0.1691,46.427,48.857,64.371
2012-04-06,0.29,0.178,0.1574,0.171,0.157,53.041,52.079,63.796
2012-04-13,-0.05,0.1526,0.142,0.1588,0.1493,51.769,51.487,61.393
2012-04-20,0.17,0.155,0.1218,0.1596,0.1387,55.967,53.448,58.81
2012-04-26,-0.57,0.1329,0.1858,0.1482,0.1695,41.671,46.593,54.056
2012-05-04,0.22,0.1453,0.1592,0.1533,0.1574,47.688,49.285,50.093
2012-05-11,-0.23,0.1246,0.1694,0.1424,0.1626,42.351,46.634,48.416
2012-05-18,0.13,0.1254,0.1452,0.1415,0.151,46.311,48.321,48.4
2012-05-25,-0.31,0.1074,0.1687,0.1314,0.1623,38.869,44.685,46.375
2012-06-01,0.45,0.1564,0.1446,0.1541,0.1507,51.93,50.503,46.398
2012-06-08,-0.08,0.134,0.1354,0.1431,0.1457,49.71,49.495,45.504
2012-06-15,-0.36,0.1149,0.1675,0.1329,0.161,40.657,45.164,45.359
2012-06-21,0.01,0.0999,0.1435,0.1241,0.1495,41.014,45.303,44.406
2012-06-29,-0.76,0.0856,0.2316,0.1153,0.1931,26.956,37.332,42.207
2012-07-06,0.86,0.1963,0.1985,0.1685,0.1793,49.691,48.392,42.69
2012-07-13,-0.02,0.1682,0.173,0.1564,0.1679,49.267,48.172,44.175
2012-07-20,-0.56,0.1442,0.2283,0.1453,0.1959,38.681,42.53,42.282
2012-07-27,-0.36,0.1236,0.2471,0.1349,0.2076,33.312,39.332,39.94
2012-08-03,0.69,0.2045,0.2118,0.1745,0.1928,49.093,47.454,41.145
2012-08-09,0.57,0.2567,0.1816,0.2028,0.179,58.537,53.062,43.648
2012-08-24,0.63,0.31,0.1556,0.2333,0.1662,66.551,58.343,49.305
2012-08-31,0.56,0.3458,0.1334,0.2566,0.1544,72.132,62.378,52.51
2012-09-07,0.17,0.3206,0.1143,0.2504,0.1433,73.688,63.547,55.999
2012-09-14,-0.21,0.2748,0.128,0.2326,0.1481,68.192,61.043,60.215
2012-09-21,-0.2,0.2356,0.1383,0.2159,0.1518,62.982,58.661,64.454
2012-09-28,0.15,0.2234,0.1185,0.2112,0.141,65.311,59.911,66.77
2012-10-12,0.34,0.24,0.1016,0.2204,0.1309,70.228,62.683,68.441
2012-10-19,-0.08,0.2057,0.0985,0.2047,0.1273,67.59,61.602,68.589
2012-10-26,-0.48,0.1763,0.153,0.1901,0.1525,53.508,55.432,65.928
2012-11-02,0.51,0.224,0.1312,0.2129,0.1416,63.033,60.001,64.406
2012-11-09,-0.19,0.192,0.1396,0.1977,0.145,57.871,57.634,62.932
2012-11-16,-0.29,0.1646,0.161,0.1836,0.1554,50.523,54.104,61.152
2012-11-23,-0.16,0.1411,0.1609,0.1705,0.1557,46.692,52.214,58.492
2012-11-30,-0.71,0.1209,0.2393,0.1583,0.1953,33.535,44.713,53.25
2012-12-07,0.5,0.1751,0.2052,0.1827,0.1814,46.013,50.124,50.168
2012-12-14,0.12,0.1672,0.1758,0.1782,0.1684,48.716,51.359,49.483
2012-12-21,0.26,0.1805,0.1507,0.1841,0.1564,54.469,54.013,48.26
2012-12-28,0.51,0.2275,0.1292,0.2073,0.1452,63.749,58.754,49.1
2013-01-04,-0.24,0.195,0.145,0.1925,0.152,57.323,55.823,50.071
2013-01-11,0.17,0.1915,0.1243,0.1909,0.1411,60.61,57.445,52.059
2013-01-18,0.23,0.197,0.1065,0.1937,0.131,64.879,59.6,56.537
2013-01-25,-0.34,0.1688,0.1399,0.1799,0.146,54.651,55.146,57.771
2013-02-01,0.07,0.1547,0.1199,0.172,0.1355,56.306,55.88,58.855
2013-02-08,1.48,0.344,0.1028,0.2655,0.1259,76.962,67.778,62.069
2013-02-22,-0.42,0.2949,0.1481,0.2465,0.1469,66.539,62.604,62.467
2013-03-01,0.35,0.3028,0.1269,0.2539,0.1364,70.438,64.998,64.341
2013-03-08,-0.18,0.2595,0.1345,0.2358,0.1395,65.833,62.775,65.087
2013-03-15,-0.41,0.2224,0.1739,0.2189,0.1588,56.089,57.901,63.831
2013-03-22,0.51,0.2635,0.149,0.2397,0.1475,63.849,61.851,65.145
2013-03-29,0.45,0.2902,0.1277,0.2547,0.1369,69.412,64.986,67.017
2013-04-03,-0.21,0.2487,0.1395,0.2365,0.1422,64.035,62.395,65.171
2013-04-12,0.04,0.2189,0.1196,0.2225,0.132,64.638,62.709,64.899
2013-04-19,0.42,0.2476,0.1025,0.2366,0.1226,70.693,65.814,64.936
2013-04-26,0.11,0.228,0.0878,0.2276,0.1138,72.168,66.612,65.841
2013-05-03,0.1,0.2097,0.0753,0.2184,0.1057,73.549,67.332,68.335
2013-05-10,0.33,0.2269,0.0645,0.2264,0.0981,77.835,69.714,70.333
2013-05-17,0.02,0.1973,0.0553,0.2117,0.0911,78.078,69.859,71.571
2013-05-24,0.47,0.2363,0.0474,0.2301,0.0846,83.262,73.062,74.318
2013-05-31,1.28,0.3854,0.0406,0.3051,0.0786,90.439,79.46,78.003
2013-06-07,-0.37,0.3303,0.0877,0.2833,0.0994,78.989,73.972,79.189
2013-06-14,0.81,0.3988,0.0752,0.3209,0.0923,84.105,77.607,80.894
2013-06-21,-0.33,0.3419,0.1116,0.298,0.1093,75.361,73.11,81.153
2013-06-28,-0.02,0.293,0.0985,0.2767,0.1029,74.81,72.838,80.721
2013-07-05,0.54,0.3283,0.0844,0.2955,0.0955,79.519,75.52,80.926
2013-07-12,0.92,0.4128,0.0724,0.3401,0.0887,85.048,79.259,81.182
2013-07-19,1.36,0.5481,0.062,0.413,0.0824,89.808,83.312,81.091
2013-07-26,1.05,0.6198,0.0532,0.4585,0.0765,92.065,85.646,82.959
2013-08-02,-0.89,0.5313,0.1727,0.4257,0.1346,75.439,75.922,81.721
2013-08-09,-1.02,0.4554,0.2938,0.3953,0.1978,60.755,66.595,79.635
2013-08-16,-1.53,0.3903,0.4704,0.3671,0.293,45.317,55.558,75.422
2013-08-23,0.24,0.3689,0.4032,0.358,0.2721,47.749,56.761,70.883
2013-08-30,-0.52,0.3162,0.4199,0.3324,0.2898,42.926,53.368,64.866
2013-09-06,0.76,0.3796,0.3599,0.363,0.2691,51.302,57.373,59.365
2013-09-13,-1.14,0.3253,0.4713,0.3371,0.3313,40.806,50.379,52.042
2013-09-18,0.06,0.2874,0.404,0.3173,0.3076,41.538,50.721,47.199
2013-09-27,0.68,0.3435,0.3463,0.3432,0.2857,49.767,54.516,45.629
2013-09-30,-0.1,0.2944,0.3111,0.3187,0.2724,48.591,53.861,46.097
2013-10-11,1.25,0.431,0.2667,0.3852,0.2529,61.744,60.312,48.096
2013-10-18,-1.45,0.3694,0.4357,0.3577,0.3384,45.852,51.331,48.514
2013-10-25,-1.22,0.3166,0.5477,0.3321,0.4014,36.601,45.221,46.414
2013-11-01,0.2,0.3,0.4695,0.3227,0.3727,38.956,46.35,46.15
2013-11-08,-0.17,0.2571,0.4267,0.2996,0.3583,37.569,45.484,45.583
2013-11-15,0.44,0.2832,0.3658,0.3097,0.3327,43.606,48.155,44.703
2013-11-22,0.0,0.2428,0.3135,0.2875,0.3089,43.616,48.151,43.992
2013-11-29,0.73,0.3124,0.2687,0.3191,0.2868,53.73,52.61,42.847
2013-12-06,-0.36,0.2678,0.2818,0.2964,0.2921,48.696,50.31,43.253
2013-12-13,0.97,0.3681,0.2415,0.3445,0.2712,60.354,55.898,46.647
2013-12-20,-0.98,0.3155,0.347,0.3199,0.3218,47.593,49.797,47.881
2013-12-27,0.47,0.3376,0.2974,0.3306,0.2988,53.135,52.471,50.104
2014-01-03,-0.03,0.2893,0.2592,0.307,0.2796,52.714,52.28,51.405
2014-01-10,-0.42,0.248,0.2822,0.285,0.2897,46.745,49.536,51.852
2014-01-17,1.06,0.364,0.2419,0.3404,0.269,60.046,55.803,52.755
2014-01-24,0.2,0.3406,0.2073,0.3304,0.2498,62.135,56.891,54.675
2014-01-30,1.06,0.4434,0.1777,0.3825,0.2319,71.359,62.201,56.247
2014-02-07,0.18,0.4057,0.1523,0.368,0.2154,72.676,63.024,59.83
2014-02-14,-0.42,0.3478,0.1906,0.3417,0.23,64.569,59.714,61.463
2014-02-21,0.46,0.3638,0.1633,0.3502,0.2135,68.989,62.07,63.788
2014-02-28,-1.22,0.3118,0.3143,0.3252,0.2854,49.77,53.204,64.221
2014-03-07,-0.1,0.2673,0.2837,0.3019,0.2722,48.482,52.532,62.569
2014-03-14,-0.82,0.2291,0.3603,0.2804,0.3113,38.84,47.334,59.241
2014-03-21,-0.38,0.1964,0.3631,0.2604,0.3162,35.073,45.106,54.057
2014-03-28,-0.21,0.1683,0.3412,0.2418,0.3086,33.002,43.877,48.389
2014-04-04,0.48,0.2128,0.2925,0.2588,0.2866,42.084,47.396,45.177
2014-04-11,0.34,0.231,0.2507,0.2646,0.2661,47.925,49.804,42.168
2014-04-18,-0.49,0.198,0.2849,0.2457,0.2821,40.972,46.497,40.911
2014-04-25,-1.07,0.1697,0.397,0.2281,0.3384,29.915,40.21,38.259
2014-04-30,0.21,0.1755,0.3403,0.2268,0.3142,33.995,41.867,37.567
2014-05-09,-0.28,0.1504,0.3317,0.2106,0.3118,31.167,40.259,37.009
2014-05-16,-0.87,0.1289,0.4086,0.1956,0.3516,23.951,35.691,35.716
2014-05-23,0.35,0.1605,0.3502,0.2066,0.3265,31.397,38.699,34.189
2014-05-30,0.23,0.1704,0.3002,0.2083,0.3032,36.179,40.668,32.511
2014-06-06,-0.23,0.1461,0.2902,0.1934,0.298,33.456,39.302,31.437
2014-06-13,0.09,0.1381,0.2487,0.186,0.2767,35.673,40.144,32.26
2014-06-20,1.76,0.3698,0.2132,0.2984,0.2569,63.401,53.682,36.461
2014-06-27,-0.13,0.317,0.2013,0.2771,0.2479,61.131,52.726,40.741
2014-07-04,0.74,0.3774,0.1725,0.3102,0.2302,68.601,57.347,47.12
2014-07-11,-1.21,0.3235,0.3208,0.288,0.3001,50.18,48.916,49.803
2014-07-18,-0.4,0.2773,0.3321,0.2675,0.3073,45.474,46.483,51.131
2014-07-25,-0.7,0.2377,0.3846,0.2484,0.3353,38.167,42.501,51.804
2014-08-01,0.62,0.2923,0.3297,0.2749,0.3114,46.964,46.832,53.417
2014-08-08,0.02,0.2534,0.2826,0.2567,0.2891,47.246,46.977,51.109
2014-08-15,0.81,0.3329,0.2422,0.2962,0.2685,57.856,52.398,50.641
2014-08-22,0.29,0.3268,0.2076,0.2958,0.2493,61.123,54.21,49.573
2014-08-29,-0.45,0.2801,0.2422,0.2746,0.2636,53.598,50.967,50.061
2014-09-05,0.97,0.3786,0.2076,0.3243,0.2448,64.555,56.93,52.787
2014-09-12,-0.18,0.3246,0.2037,0.3011,0.2402,61.412,55.57,56.108
2014-09-19,-0.39,0.2782,0.2303,0.2796,0.2509,54.68,52.65,57.21
2014-09-26,1.74,0.487,0.1974,0.384,0.233,71.127,62.182,60.622
2014-09-30,0.02,0.4203,0.1692,0.358,0.2163,71.268,62.282,62.538
2014-10-10,-0.28,0.3603,0.185,0.3324,0.2209,66.044,60.021,63.241
2014-10-17,-0.6,0.3088,0.2443,0.3086,0.248,55.801,55.389,63.555
2014-10-24,0.04,0.2704,0.2094,0.2895,0.2302,56.327,55.65,62.38
2014-10-31,0.14,0.2518,0.1795,0.2788,0.2138,58.352,56.543,61.943
2014-11-06,-0.05,0.2158,0.161,0.2589,0.2021,57.242,56.106,62.309
2014-11-14,-0.61,0.185,0.2251,0.2404,0.2312,45.081,50.92,58.588
2014-11-21,0.48,0.2271,0.193,0.2575,0.2147,54.029,54.477,56.125
2014-11-28,0.64,0.2861,0.1654,0.2848,0.1994,63.337,58.764,55.738
2014-12-05,-0.68,0.2452,0.2389,0.2645,0.2337,50.621,53.036,54.998
2014-12-12,0.36,0.2616,0.2048,0.2713,0.217,56.059,55.505,54.96
2014-12-19,-0.35,0.2243,0.2255,0.2519,0.2265,49.837,52.6,53.744
2014-12-26,-0.25,0.1922,0.229,0.2339,0.2282,45.602,50.562,52.081
2014-12-31,-0.9,0.1648,0.3249,0.2172,0.2762,33.623,43.966,50.444
2015-01-09,0.2,0.1698,0.2785,0.216,0.2565,37.846,45.659,48.132
2015-01-16,0.77,0.2555,0.2387,0.2556,0.2381,51.67,51.717,46.465
2015-01-23,2.33,0.5519,0.2046,0.4037,0.2211,72.924,64.558,49.652
2015-01-30,-0.92,0.473,0.3068,0.3749,0.271,60.627,57.988,50.304
2015-02-06,0.33,0.4526,0.263,0.3717,0.2517,63.218,59.57,52.216
2015-02-13,2.25,0.7094,0.2254,0.5059,0.2337,75.858,68.347,56.538
2015-02-17,1.46,0.8166,0.1932,0.574,0.217,80.837,72.511,63.283
2015-02-27,-0.53,0.7,0.2413,0.533,0.2394,74.335,68.951,68.496
2015-03-06,0.22,0.6314,0.2068,0.5106,0.2223,75.298,69.613,71.871
2015-03-13,1.15,0.7055,0.1773,0.5563,0.2064,79.886,72.883,72.866
2015-03-20,1.58,0.8304,0.152,0.6294,0.1917,84.498,76.598,76.276
2015-03-27,1.7,0.9546,0.1303,0.7059,0.178,87.96,79.807,79.81
2015-04-03,2.5,1.1754,0.1116,0.8341,0.1653,91.299,83.405,82.016
2015-04-10,2.96,1.4303,0.0957,0.9859,0.1534,93.699,86.481,83.854
2015-04-13,2.4,1.5689,0.082,1.0869,0.1425,95.003,88.354,86.806
2015-04-30,2.42,1.6905,0.0703,1.1821,0.1323,95.977,89.88,89.76
2015-05-08,-0.35,1.449,0.1103,1.0977,0.1479,92.896,88.071,91.619
2015-05-15,1.07,1.3948,0.0945,1.0957,0.1373,93.625,88.81,92.923
2015-05-22,3.91,1.7541,0.081,1.2967,0.1275,95.556,90.993,94.008
2015-05-29,-3.03,1.5035,0.5023,1.2041,0.3348,74.928,78.189,91.669
2015-06-05,1.67,1.5273,0.4305,1.2374,0.3109,77.981,79.865,89.424
2015-06-12,-1.41,1.3091,0.5705,1.149,0.3894,69.618,74.633,85.797
2015-06-19,-7.49,1.1221,1.559,1.0669,0.8966,41.822,54.282,78.061
2015-06-26,-3.44,0.9618,1.8277,0.9907,1.0783,34.449,47.828,69.711
2015-07-03,1.18,0.993,1.5666,1.0042,1.0012,38.765,50.02,61.874
2015-07-07,-2.63,0.8511,1.7185,0.9325,1.1176,33.092,45.431,52.951
2015-07-17,4.05,1.3081,1.473,1.1552,1.0378,47.005,52.622,48.962
2015-07-24,1.5,1.3355,1.2626,1.1798,0.9636,51.373,54.988,45.161
2015-07-31,-2.78,1.1447,1.4793,1.0955,1.0934,43.594,49.993,41.443
2015-08-07,0.67,1.0769,1.268,1.0652,1.0153,45.895,51.144,42.025
2015-08-14,0.89,1.0502,1.0869,1.0526,0.9428,49.111,52.696,44.119
2015-08-21,-3.2,0.9002,1.3887,0.9775,1.104,39.299,46.906,44.196
2015-08-28,-4.15,0.7716,1.7832,0.9076,1.3216,30.172,40.659,43.778
2015-09-02,-1.73,0.6614,1.7756,0.8428,1.3507,27.11,38.368,40.936
2015-09-11,2.39,0.9083,1.522,0.9533,1.2543,37.344,43.128,38.932
2015-09-18,-1.92,0.7785,1.5788,0.8852,1.3018,32.995,40.421,37.418
2015-09-25,-0.06,0.6673,1.3618,0.822,1.2131,32.857,40.336,35.555
2015-09-30,0.13,0.5906,1.1673,0.7726,1.1265,33.567,40.627,33.335
2015-10-09,2.53,0.8676,1.0005,0.8981,1.046,46.413,46.141,34.351
2015-10-16,1.96,1.0237,0.8576,0.9739,0.9713,54.385,50.012,37.81
2015-10-23,3.86,1.4289,0.7351,1.1801,0.9019,66.0,56.626,43.366
2015-10-30,-1.32,1.2247,0.8186,1.0958,0.9318,59.907,53.989,46.589
2015-11-06,1.07,1.2026,0.7017,1.094,0.8652,63.122,55.784,50.893
2015-11-13,-1.22,1.0308,0.7757,1.0158,0.8906,57.031,53.229,54.346
2015-11-20,1.3,1.0693,0.6649,1.0361,0.8269,61.63,55.56,58.355
2015-11-27,-2.59,0.9165,0.9399,0.9621,0.9529,49.34,50.185,58.774
2015-12-04,0.17,0.8099,0.8057,0.9055,0.8848,50.1,50.523,58.161
2015-12-11,-0.46,0.6942,0.7563,0.8408,0.8545,47.829,49.541,55.566
2015-12-18,2.5,0.9522,0.6482,0.9594,0.7934,59.468,54.68,55.503
2015-12-25,-0.66,0.8161,0.6499,0.8908,0.7839,55.638,53.137,54.434
2015-12-31,-0.31,0.6995,0.6014,0.8272,0.7501,53.74,52.389,53.964
2016-01-08,-5.75,0.5996,1.3369,0.7681,1.1072,30.933,40.904,49.578
2016-01-15,-1.15,0.514,1.3102,0.7133,1.1103,28.147,39.06,46.551
2016-01-22,-0.02,0.4405,1.1259,0.6623,1.0324,28.092,39.026,43.407
2016-01-29,-0.91,0.3776,1.095,0.615,1.0236,25.612,37.477,40.233
2016-02-05,0.98,0.4637,0.9386,0.6411,0.9505,33.037,40.225,36.457
2016-02-19,2.31,0.7274,0.8045,0.7603,0.8826,47.454,46.223,35.288
2016-02-26,-2.01,0.6235,0.9767,0.706,0.9632,38.934,42.241,33.173
2016-03-04,-0.75,0.5344,0.9443,0.6555,0.9479,36.11,40.827,33.912
2016-03-11,0.47,0.5252,0.8094,0.6423,0.8802,39.323,42.132,35.509
2016-03-15,0.75,0.5573,0.6938,0.65,0.8173,44.515,44.244,37.855
2016-05-20,-0.28,0.4777,0.6347,0.6036,0.779,42.913,43.602,40.327
2016-05-27,0.11,0.4252,0.544,0.5683,0.7233,43.841,43.945,41.87
2016-06-03,2.29,0.6916,0.4663,0.6913,0.6717,59.699,50.664,43.619
2016-06-08,1.97,0.8742,0.3997,0.7826,0.6237,68.594,55.595,47.856
2016-06-17,-1.02,0.7493,0.4883,0.7267,0.652,60.515,52.654,51.343
2016-06-24,-0.75,0.6423,0.5257,0.6748,0.659,54.961,50.537,53.577
2016-07-01,0.69,0.6491,0.4506,0.6759,0.6119,58.995,52.43,55.645
2016-07-08,-0.36,0.5564,0.4376,0.6276,0.5939,55.946,51.324,57.507
2016-07-15,0.28,0.5169,0.3751,0.6028,0.5515,57.918,52.167,59.518
2016-07-20,-0.39,0.443,0.3773,0.5597,0.54,53.975,50.841,58.701
2016-07-29,-1.76,0.3798,0.5748,0.5197,0.6271,39.756,45.262,54.581
2016-08-05,-0.01,0.3255,0.4941,0.4826,0.583,39.684,45.234,51.605
2016-08-12,-0.12,0.279,0.4407,0.4482,0.55,38.736,44.846,49.287
2016-08-19,1.19,0.4091,0.3777,0.5011,0.5107,51.965,49.471,48.283
2016-08-26,-0.1,0.3507,0.338,0.4653,0.4813,50.892,49.1,47.561
2016-09-02,-0.47,0.3006,0.3569,0.4321,0.4805,45.689,47.293,45.814
2016-09-09,0.02,0.2605,0.3059,0.4027,0.4462,45.962,47.383,44.669
2016-09-14,-0.45,0.2233,0.3265,0.3739,0.4465,40.585,45.52,44.788
2016-09-23,-0.04,0.1914,0.2856,0.3472,0.4174,40.096,45.354,44.846
2016-09-30,-0.4,0.1641,0.3019,0.3224,0.4162,35.185,43.595,44.339
2016-10-14,0.59,0.2249,0.2588,0.3415,0.3865,46.466,46.854,43.554
2016-10-21,0.46,0.2585,0.2218,0.35,0.3589,53.791,49.317,43.968
2016-10-28,-0.06,0.2216,0.1987,0.325,0.3375,52.694,49.002,44.968
2016-11-04,-0.03,0.1899,0.1746,0.3018,0.3156,52.069,48.827,45.841
2016-11-11,-0.01,0.1628,0.1511,0.2802,0.2937,51.834,48.769,47.448
2016-11-18,0.17,0.1638,0.1295,0.2723,0.2727,55.817,49.908,49.694
2016-11-25,-0.12,0.1404,0.1281,0.2529,0.2618,52.261,49.08,52.133
2016-12-02,-0.55,0.1204,0.1884,0.2348,0.2824,38.96,45.343,51.061
2016-12-09,-0.39,0.1032,0.2172,0.2181,0.2901,32.18,42.861,47.974
2016-12-16,-0.44,0.0884,0.249,0.2025,0.3008,26.17,40.179,44.184
2016-12-23,-0.61,0.0758,0.3006,0.188,0.3229,20.108,36.743,39.619
2016-12-30,0.1,0.0792,0.2577,0.1817,0.2998,23.478,37.681,35.568
2017-01-06,0.46,0.1336,0.2208,0.2016,0.2784,37.668,41.945,32.975
2017-01-13,-0.46,0.1145,0.255,0.1872,0.2914,30.958,39.059,29.932
2017-01-20,-0.23,0.0982,0.2514,0.1738,0.287,28.059,37.662,28.374
2017-01-26,0.19,0.1113,0.2155,0.175,0.2665,34.028,39.583,28.638
2017-02-03,0.68,0.1925,0.1847,0.2111,0.2475,51.004,45.976,32.186
2017-02-10,0.93,0.2979,0.1583,0.2624,0.2298,65.27,53.257,38.638
2017-02-17,-0.17,0.2553,0.16,0.2437,0.2255,61.444,51.884,44.062
2017-02-24,1.04,0.3674,0.1371,0.3005,0.2094,72.795,58.878,49.08
2017-03-03,0.04,0.3207,0.1176,0.2819,0.1945,73.139,59.118,55.106
2017-03-10,2.27,0.5991,0.1008,0.4239,0.1806,85.568,70.069,63.321
2017-03-17,-0.41,0.5135,0.1449,0.3937,0.197,77.962,66.595,69.597
2017-03-24,1.78,0.6945,0.1242,0.4927,0.1829,84.8,72.873,74.425
2017-03-31,-0.78,0.5953,0.2179,0.4575,0.2255,73.175,66.929,75.555
2017-04-07,0.04,0.5159,0.1868,0.4277,0.2094,73.387,67.077,77.261
2017-04-14,-1.73,0.4422,0.4072,0.3971,0.318,52.03,55.476,74.294
2017-04-21,-1.27,0.3791,0.5305,0.3688,0.386,41.648,48.806,69.796
2017-04-28,0.76,0.4335,0.4547,0.3967,0.3585,48.777,52.474,64.54
2017-05-05,-0.82,0.3715,0.5069,0.3684,0.3914,42.263,48.431,59.44
2017-05-12,-1.45,0.3185,0.6416,0.3421,0.467,33.144,42.227,52.061
2017-05-19,0.7,0.373,0.55,0.3676,0.4337,40.382,45.82,47.376
2017-05-26,0.37,0.3726,0.4714,0.3678,0.4027,44.117,47.68,43.194
2017-06-02,0.16,0.3422,0.4041,0.353,0.3739,45.823,48.507,42.308
2017-06-09,0.8,0.4076,0.3463,0.3849,0.3472,54.036,52.52,44.077
2017-06-16,0.27,0.3879,0.2969,0.3767,0.3224,56.614,53.829,45.197
2017-06-23,1.25,0.5111,0.2544,0.4391,0.2994,66.737,59.403,48.693
2017-06-30,4.18,1.0352,0.2181,0.7063,0.278,82.568,71.702,55.754
2017-07-07,2.17,1.1973,0.1869,0.8108,0.2582,86.468,75.792,62.338
2017-07-14,-2.67,1.0263,0.5417,0.7529,0.4304,65.423,63.572,65.381
2017-07-21,4.46,1.5168,0.4643,1.0177,0.3997,76.534,71.745,69.769
2017-07-28,1.08,1.4544,0.398,1.0221,0.3711,78.484,73.308,73.261
2017-08-04,-1.22,1.2466,0.5154,0.9491,0.4318,70.719,68.676,75.276
2017-08-11,1.56,1.2914,0.4418,0.9928,0.4009,74.48,71.18,76.382
2017-08-18,8.02,2.2526,0.3787,1.4947,0.3723,85.578,80.004,76.812
2017-08-25,1.32,2.1194,0.3246,1.4822,0.3457,86.688,81.033,76.844
2017-09-01,-2.48,1.8166,0.6325,1.3764,0.4981,74.144,73.373,78.09
2017-09-08,-2.04,1.5571,0.8336,1.278,0.6083,65.102,67.697,76.456
2017-09-15,-1.46,1.3347,0.923,1.1868,0.6691,59.088,63.892,73.686
2017-09-22,0.04,1.1497,0.7912,1.1048,0.6213,59.205,63.951,72.041
2017-09-29,0.39,1.0412,0.6782,1.0538,0.5769,60.526,64.568,70.047
2017-10-13,1.27,1.0739,0.5813,1.0692,0.5357,64.85,66.566,67.086
2017-10-20,-3.68,0.9205,1.024,0.9929,0.7603,47.309,56.579,61.461
2017-10-27,-0.22,0.789,0.9091,0.9219,0.7217,46.434,56.035,57.502
2017-11-03,4.86,1.3705,0.7792,1.2032,0.6702,63.723,64.17,57.305
2017-11-10,0.86,1.2976,0.6679,1.1787,0.6223,65.989,65.392,58.291
2017-11-17,5.91,1.9565,0.5725,1.5167,0.5779,77.333,72.355,60.881
2017-11-24,-2.61,1.677,0.8636,1.4083,0.723,65.978,66.022,61.659
2017-12-01,3.67,1.9617,0.7402,1.5699,0.6714,72.574,69.989,62.763
2017-12-08,-5.49,1.6815,1.4187,1.4577,1.0156,54.208,58.882,63.748
2017-12-15,0.46,1.507,1.2161,1.3865,0.943,55.311,59.464,65.017
2017-12-22,0.38,1.346,1.0423,1.3146,0.8757,56.328,59.964,63.96
2017-12-29,-1.75,1.1537,1.1434,1.2207,0.9381,50.194,56.49,61.704
2018-01-05,1.87,1.256,0.9801,1.2671,0.8711,56.139,59.205,58.676
2018-01-12,1.92,1.3509,0.8401,1.3137,0.8089,61.627,61.836,58.054
2018-01-19,-2.11,1.1579,1.0215,1.2199,0.9018,53.099,57.441,55.272
2018-01-26,-0.97,0.9925,1.0141,1.1327,0.9067,49.432,55.486,54.59
2018-02-02,-4.97,0.8507,1.5793,1.0518,1.1969,34.978,46.719,51.685
2018-02-09,-3.55,0.7292,1.8608,0.9767,1.365,28.124,41.654,47.656
2018-02-14,1.68,0.865,1.595,1.0269,1.2675,35.133,44.702,45.505
2018-02-23,2.24,1.0614,1.3671,1.1136,1.177,43.676,48.561,43.724
2018-03-02,1.51,1.1255,1.1718,1.1419,1.0929,48.962,51.041,41.915
2018-03-09,1.7,1.2076,1.0044,1.1818,1.0148,54.563,53.746,42.124
2018-03-16,2.25,1.3565,0.8609,1.2581,0.9423,61.145,57.121,43.797
2018-03-23,-4.85,1.1627,1.4308,1.1682,1.2215,44.801,48.83,45.201
2018-03-30,4.41,1.6266,1.2264,1.3998,1.1342,56.984,55.186,49.323
2018-04-04,-2.5,1.3942,1.4083,1.2998,1.2318,49.718,51.288,51.407
2018-04-13,-0.1,1.1951,1.2214,1.2069,1.1509,49.426,51.133,52.228
2018-04-20,-0.51,1.0243,1.1198,1.1207,1.1051,47.743,50.295,52.054
2018-04-27,-2.26,0.878,1.2827,1.0407,1.1876,40.605,46.649,50.06
2018-05-04,0.95,0.8883,1.0994,1.0342,1.1028,44.66,48.34,47.705
2018-05-11,0.8,0.8757,0.9424,1.0175,1.024,48.136,49.786,48.182
2018-05-18,0.29,0.792,0.8078,0.9655,0.9509,49.476,50.326,47.109
2018-05-25,-0.75,0.6789,0.7995,0.8965,0.9365,45.891,48.854,46.562
2018-06-01,1.24,0.759,0.6853,0.9211,0.8696,52.521,51.383,47.005
2018-06-08,-1.18,0.6506,0.756,0.8553,0.8918,46.223,48.9,46.787
2018-06-15,-0.96,0.5577,0.7851,0.7942,0.8967,41.503,46.914,46.916
2018-06-22,-4.66,0.478,1.3387,0.7375,1.1655,26.281,38.7,44.29
2018-06-29,1.22,0.584,1.1474,0.7719,1.0822,33.7,41.577,42.228
2018-07-06,-1.03,0.5006,1.1307,0.7168,1.0785,30.657,39.871,39.539
2018-07-13,1.6,0.6576,0.9691,0.7799,1.0015,40.395,43.725,38.754
2018-07-20,-1.03,0.5637,0.9778,0.7242,1.0035,36.538,41.862,36.471
2018-07-27,0.39,0.5389,0.8381,0.7003,0.9318,39.106,42.853,35.454
2018-08-03,-2.87,0.4619,1.1284,0.6503,1.0703,29.015,37.74,33.67
2018-08-10,0.94,0.5302,0.9672,0.671,0.9938,35.378,40.25,34.97
2018-08-17,-1.27,0.4544,1.0105,0.623,1.0136,30.989,38.012,34.583
2018-08-24,0.36,0.441,0.8661,0.6043,0.9412,33.709,39.046,35.019
2018-08-31,2.09,0.6765,0.7424,0.7104,0.8739,47.648,44.785,36.055
2018-09-07,-0.38,0.5799,0.6906,0.6596,0.8386,45.613,43.971,37.351
2018-09-14,-1.42,0.497,0.7948,0.6125,0.8802,38.443,40.978,37.256
2018-09-21,0.65,0.5189,0.6813,0.6152,0.8173,43.204,42.891,39.283
2018-09-28,-1.53,0.4448,0.8025,0.5713,0.8682,35.631,39.632,39.32
2018-10-12,-5.46,0.3812,1.4679,0.5305,1.1962,20.585,30.668,37.833
2018-10-19,-1.73,0.3268,1.5053,0.4926,1.2343,17.807,28.47,35.562
2018-10-26,0.82,0.3972,1.2903,0.516,1.1462,23.508,30.988,32.113
2018-11-02,2.55,0.7048,1.1059,0.6612,1.0643,38.894,38.264,31.153
2018-11-09,-1.01,0.6041,1.0922,0.614,1.0604,35.583,36.615,30.745
2018-11-16,1.77,0.7706,0.9362,0.6966,0.9847,45.119,41.377,31.018
2018-11-23,-0.71,0.6606,0.9039,0.6468,0.965,42.194,40.074,31.956
2018-11-30,-0.18,0.5662,0.8005,0.6006,0.909,41.398,39.73,34.929
2018-12-07,-0.14,0.4853,0.7061,0.5577,0.854,40.704,39.451,38.2
2018-12-14,0.26,0.4531,0.6052,0.5365,0.793,42.784,40.299,40.954
2018-12-21,-1.49,0.3884,0.7316,0.4981,0.8428,34.649,37.092,40.347
2018-12-28,1.39,0.5315,0.6271,0.5618,0.7826,45.844,41.733,41.813
2019-01-04,2.49,0.8113,0.5375,0.6996,0.7267,60.12,48.995,43.956
2019-01-11,1.84,0.9582,0.4607,0.781,0.6748,67.501,53.592,47.571
2019-01-18,-0.84,0.8213,0.5149,0.7252,0.6866,61.435,51.312,50.434
2019-01-25,0.07,0.714,0.4414,0.6784,0.6376,61.767,51.495,53.443
2019-02-01,0.3,0.6549,0.3783,0.6514,0.592,63.356,52.334,56.382
2019-02-15,1.66,0.7985,0.3243,0.7234,0.5497,71.087,56.767,61.587
2019-02-22,0.53,0.7601,0.2779,0.7096,0.5105,73.197,58.104,65.495
2019-03-01,5.14,1.3858,0.2382,1.0261,0.474,85.303,68.347,69.092
2019-03-08,2.02,1.4764,0.2042,1.0971,0.4402,87.82,71.31,71.995
2019-03-15,-1.85,1.2655,0.4393,1.0187,0.5409,74.202,65.263,73.819
2019-03-22,0.41,1.1433,0.3766,0.9752,0.5022,75.192,65.953,75.737
2019-03-29,-0.12,0.9799,0.3399,0.9056,0.4749,74.216,65.544,77.288
2019-04-04,1.01,0.9842,0.2913,0.913,0.441,77.132,67.375,78.152
2019-04-12,-2.27,0.8436,0.574,0.8478,0.5716,59.479,59.674,76.192
2019-04-19,-0.03,0.7231,0.4963,0.7873,0.533,59.27,59.575,72.473
2019-04-26,-2.01,0.6198,0.7125,0.731,0.6385,46.491,53.322,66.569
2019-04-30,-0.68,0.5313,0.7079,0.6788,0.6414,42.844,51.361,62.089
2019-05-10,-1.79,0.4554,0.8625,0.6303,0.7235,34.525,46.503,56.28
2019-05-17,-0.69,0.3903,0.8378,0.5853,0.7211,31.751,44.748,50.213
2019-05-24,-1.0,0.3346,0.861,0.5435,0.741,27.956,42.257,43.188
2019-05-31,0.25,0.3225,0.738,0.5225,0.6881,30.38,43.105,39.031
2019-06-06,-0.99,0.2764,0.774,0.4852,0.7096,26.284,40.554,34.319
2019-06-14,0.54,0.3141,0.6634,0.4891,0.6589,32.103,42.55,32.263
2019-06-21,3.84,0.8178,0.5687,0.7285,0.6119,58.953,54.294,34.565
2019-06-28,0.77,0.8109,0.4874,0.7314,0.5682,62.429,56.224,38.551
2019-07-05,1.03,0.8422,0.4178,0.7528,0.5276,66.811,58.739,43.559
2019-07-12,-1.28,0.7219,0.541,0.699,0.5813,57.132,54.542,47.727
2019-07-19,-0.74,0.6188,0.5694,0.6491,0.5927,52.049,52.216,50.823
2019-07-26,1.57,0.7547,0.4881,0.7148,0.5503,60.696,56.446,55.739
2019-08-02,-1.84,0.6469,0.6812,0.6638,0.6425,48.679,50.76,58.107
2019-08-09,-2.37,0.5545,0.9224,0.6164,0.7658,37.515,44.541,55.044
2019-08-16,2.5,0.8324,0.7907,0.7509,0.7111,51.255,51.306,53.448
2019-08-23,0.01,0.7149,0.6777,0.698,0.6603,51.306,51.333,51.233
2019-08-30,0.78,0.7242,0.5809,0.7039,0.6132,55.46,53.388,50.994
2019-09-06,1.86,0.8865,0.4979,0.7864,0.5694,64.005,57.948,52.702
2019-09-12,-0.18,0.7598,0.4525,0.7303,0.5416,62.644,57.363,52.981
2019-09-20,-0.73,0.6513,0.4921,0.6781,0.555,56.932,54.936,54.16
2019-09-27,-1.21,0.5582,0.5947,0.6297,0.6018,48.387,51.078,55.713
2019-09-30,-0.78,0.4785,0.6212,0.5847,0.6145,43.482,48.703,54.602
2019-10-11,2.02,0.6987,0.5324,0.6872,0.5706,56.724,54.58,55.376
2019-10-18,0.89,0.726,0.4564,0.7017,0.5299,61.371,56.92,56.221
2019-10-25,-1.36,0.6223,0.5855,0.6516,0.5892,51.493,52.46,54.433
2019-11-01,0.21,0.5634,0.5018,0.62,0.5471,52.861,53.068,53.036
2019-11-08,0.98,0.6229,0.4301,0.6457,0.508,59.125,55.913,53.349
2019-11-15,-1.71,0.5339,0.613,0.5996,0.5939,46.522,50.184,53.083
2019-11-22,1.29,0.6419,0.5254,0.6489,0.5515,54.96,54.002,54.722
2019-11-29,-1.12,0.5502,0.6103,0.6026,0.5921,47.381,50.384,53.388
2019-12-06,-0.54,0.4716,0.6003,0.5595,0.5883,43.967,48.69,50.901
2019-12-13,0.28,0.4443,0.5145,0.5396,0.5463,46.309,49.637,50.161
2019-12-20,0.73,0.4851,0.441,0.5532,0.5073,52.351,52.109,50.088
2019-12-27,0.87,0.5401,0.378,0.5758,0.4711,58.798,54.945,50.041
2020-01-03,0.36,0.5143,0.324,0.5604,0.4374,61.32,56.109,52.155
2020-01-10,1.6,0.6694,0.2777,0.6346,0.4062,70.649,60.917,54.396
2020-01-17,-0.3,0.5738,0.2809,0.5893,0.3986,67.105,59.597,57.214
2020-01-23,-0.77,0.4918,0.3508,0.5472,0.4251,58.337,56.224,59.267
2020-02-07,3.67,0.9459,0.3007,0.7703,0.3948,75.848,66.059,63.487
2020-02-14,-0.5,0.8107,0.3291,0.7153,0.4023,71.097,63.948,66.165
2020-02-21,2.98,1.1206,0.2821,0.877,0.3735,79.859,70.077,69.174
2020-02-28,-2.75,0.9605,0.6347,0.8144,0.5433,60.182,59.929,69.011
2020-03-06,3.26,1.289,0.544,0.9891,0.5045,70.292,66.168,68.96
2020-03-13,-3.54,1.1049,0.972,0.9184,0.7213,53.169,55.955,66.969
2020-03-20,-2.08,0.947,1.1303,0.8528,0.8183,45.558,50.977,65.144
2020-03-27,-0.24,0.8118,1.0031,0.7919,0.777,44.7,50.42,60.694
2020-04-03,-1.19,0.6958,1.0298,0.7353,0.8065,40.292,47.636,56.293
2020-04-10,0.96,0.7335,0.8827,0.7514,0.7489,45.354,50.028,51.364
2020-04-17,-1.13,0.6287,0.918,0.6977,0.7761,40.618,47.285,48.569
2020-04-24,-0.89,0.5389,0.914,0.6479,0.7843,37.061,45.183,43.822
2020-04-30,-0.46,0.4619,0.8492,0.6016,0.7611,35.2,44.093,41.255
2020-05-08,0.99,0.5374,0.7279,0.6293,0.7068,42.442,47.045,40.81
2020-05-15,-0.85,0.4606,0.7453,0.5844,0.717,38.166,44.85,39.876
2020-05-22,-1.02,0.3948,0.7845,0.5426,0.7386,33.447,42.296,38.898
2020-05-29,-0.45,0.3384,0.7368,0.5039,0.718,31.443,41.184,36.911
2020-06-05,1.43,0.4943,0.6315,0.57,0.6667,43.877,46.035,37.377
2020-06-12,1.52,0.6409,0.5413,0.6379,0.6191,54.182,50.693,39.822
2020-06-19,0.41,0.6079,0.464,0.6216,0.5749,56.682,51.897,42.891
2020-06-24,1.37,0.7168,0.3977,0.6751,0.5338,64.286,55.789,46.012
2020-07-03,1.55,0.8358,0.3409,0.7376,0.4957,70.999,59.752,50.702
2020-07-10,3.0,1.145,0.2922,0.8992,0.4603,79.639,66.087,57.301
2020-07-17,-3.89,0.9814,0.8061,0.8349,0.7053,54.873,54.152,60.648
2020-07-24,-1.29,0.8412,0.8753,0.7753,0.747,48.977,50.875,61.377
2020-07-31,0.67,0.8167,0.7502,0.7678,0.6937,52.092,52.48,61.078
2020-08-07,1.37,0.8958,0.6431,0.8108,0.6441,58.18,55.674,61.292
2020-08-14,0.46,0.8335,0.5512,0.7857,0.5981,60.164,56.723,60.703
2020-08-21,0.4,0.7716,0.4724,0.7582,0.5554,61.996,57.664,59.417
2020-08-28,-1.33,0.6614,0.595,0.704,0.6107,52.612,53.493,55.556
2020-09-04,-0.54,0.5669,0.5871,0.6537,0.6057,49.095,51.851,54.731
2020-09-11,-2.28,0.4859,0.8289,0.607,0.7253,36.926,45.505,53.009
2020-09-18,0.88,0.5422,0.7105,0.6265,0.6735,43.253,48.137,51.747
2020-09-25,-1.06,0.4647,0.7605,0.5818,0.7011,37.899,45.295,48.849
2020-09-30,-0.25,0.3984,0.6875,0.5402,0.6688,36.658,44.627,45.491
2020-10-09,1.27,0.5229,0.5893,0.5924,0.6211,46.985,48.762,43.347
2020-10-16,0.08,0.4596,0.5051,0.5558,0.5767,47.612,49.022,42.633
2020-10-23,-0.87,0.3939,0.5572,0.5161,0.5977,41.385,46.282,41.531
2020-10-30,3.29,0.8077,0.4776,0.7142,0.555,62.811,56.217,45.229
2020-11-06,3.05,1.128,0.4094,0.881,0.5153,73.341,63.04,49.527
2020-11-13,1.51,1.1826,0.3509,0.926,0.4785,77.088,65.876,55.126
2020-11-20,-1.68,1.0136,0.5408,0.8598,0.5643,65.178,60.32,59.2
2020-11-27,-2.62,0.8688,0.8378,0.7984,0.7112,50.878,52.833,59.756
2020-12-04,0.41,0.8033,0.7181,0.7707,0.6604,52.77,53.799,60.493
2020-12-11,-0.33,0.6885,0.6627,0.7156,0.6368,50.925,52.858,61.856
2020-12-18,0.45,0.6545,0.568,0.6966,0.5913,53.508,54.033,60.527
2020-12-25,-0.71,0.561,0.5883,0.6469,0.5998,48.782,51.834,57.018
2020-12-31,2.75,0.8737,0.5043,0.7971,0.5569,63.373,58.815,55.059
2021-01-08,2.18,1.0603,0.4322,0.8959,0.5172,71.012,63.345,55.893
2021-01-15,1.09,1.0645,0.3705,0.9098,0.4802,74.151,65.398,59.217
2021-01-22,7.69,2.011,0.3175,1.3941,0.4459,86.335,75.711,64.012
2021-01-29,-5.08,1.7237,0.9979,1.2945,0.7769,63.304,62.439,65.781
2021-02-05,-3.07,1.4775,1.2939,1.202,0.9407,53.282,56.042,65.748
2021-02-10,9.87,2.6764,1.1091,1.8212,0.8735,70.671,67.53,68.875
2021-02-19,-1.95,2.2941,1.2292,1.6911,0.9504,65.082,63.965,69.12
2021-02-26,-3.39,1.9664,1.5379,1.5703,1.1247,56.084,58.212,66.987
2021-03-05,-0.57,1.6854,1.3996,1.4581,1.085,54.602,57.281,64.194
2021-03-12,1.28,1.6275,1.1997,1.4454,1.0075,57.536,58.871,60.08
2021-03-19,-4.26,1.395,1.6369,1.3422,1.2399,45.981,51.926,57.605
2021-03-26,2.94,1.6157,1.403,1.4563,1.1513,53.493,55.793,57.636
2021-04-02,0.99,1.5263,1.2026,1.423,1.0691,55.901,57.045,55.526
2021-04-09,-2.12,1.3083,1.3337,1.3213,1.1441,49.489,53.539,53.298
2021-04-16,-0.17,1.1214,1.1674,1.227,1.0745,48.965,53.258,52.281
2021-04-23,4.18,1.5583,1.0006,1.4379,0.9978,60.867,58.979,53.176
2021-04-30,0.49,1.4057,0.8577,1.3702,0.9265,62.076,59.605,53.825
2021-05-07,-2.25,1.2049,1.0566,1.2723,1.0211,53.249,55.422,54.863
2021-05-14,5.24,1.7813,0.9057,1.5557,0.9481,66.263,62.079,56.687
2021-05-21,0.23,1.5597,0.7763,1.461,0.8804,66.738,62.344,58.235
2021-05-28,7.75,2.444,0.6654,1.9102,0.8175,78.57,69.975,62.39
2021-06-04,-2.99,2.0949,0.9975,1.7738,0.9727,67.714,64.529,65.068
2021-06-11,-1.05,1.7956,1.005,1.6471,0.9782,64.085,62.684,65.528
2021-06-18,8.28,2.722,0.8614,2.1209,0.9083,75.931,69.96,67.507
2021-06-25,-2.69,2.3331,1.1226,1.9694,1.0356,67.485,65.482,69.541
2021-07-02,-0.32,1.9998,1.008,1.8287,0.9845,66.457,64.949,69.569
2021-07-09,-1.57,1.7141,1.0883,1.6981,1.0263,61.135,62.274,68.768
2021-07-16,-0.6,1.4692,1.0185,1.5768,0.9959,59.029,61.235,65.977
2021-07-23,1.8,1.5165,0.873,1.5927,0.9247,63.435,63.213,65.365
2021-07-30,-4.0,1.2999,1.3197,1.479,1.1444,49.592,56.322,63.295
2021-08-06,-1.6,1.1142,1.3598,1.3733,1.1769,45.006,53.796,58.877
2021-08-13,-2.87,0.955,1.5755,1.2752,1.2979,37.71,49.504,54.623
2021-08-20,-2.43,0.8186,1.6976,1.1841,1.3787,32.503,46.148,49.773
2021-08-27,0.93,0.8345,1.4551,1.166,1.2803,36.417,47.609,46.242
2021-09-03,-3.1,0.7153,1.6901,1.0827,1.4102,29.707,43.376,42.053
2021-09-10,2.58,0.9817,1.4486,1.1897,1.3095,40.364,47.548,38.757
2021-09-17,-1.16,0.8414,1.4074,1.1047,1.2988,37.386,45.907,37.013
2021-09-24,2.15,1.0284,1.2063,1.1793,1.2061,45.99,49.383,37.154
2021-09-30,-0.2,0.8815,1.0626,1.0951,1.1342,45.312,49.068,38.24
2021-10-08,1.92,1.0298,0.9108,1.154,1.0532,53.036,52.228,41.173
2021-10-15,0.15,0.9041,0.7807,1.0823,0.978,53.632,52.476,43.632
2021-10-22,-1.23,0.775,0.8449,1.005,0.996,47.812,50.17,46.219
2021-10-29,2.68,1.0471,0.7242,1.1246,0.9248,59.085,54.82,48.893
2021-11-05,1.53,1.1161,0.6207,1.1536,0.8588,64.232,57.27,52.728
2021-11-12,0.02,0.9595,0.532,1.0726,0.7974,64.301,57.303,55.344
2021-11-19,-1.1,0.8224,0.6132,0.996,0.819,57.256,54.821,57.051
2021-11-26,-2.3,0.7049,0.8541,0.9249,0.9248,45.185,49.948,55.929
2021-12-03,-1.0,0.6042,0.875,0.8588,0.9302,40.816,47.949,54.098
2021-12-10,0.23,0.5508,0.75,0.8139,0.8637,42.313,48.461,53.313
2021-12-17,-1.64,0.4721,0.8771,0.7558,0.9192,34.961,45.067,49.866
2021-12-24,-1.05,0.4047,0.9018,0.7018,0.9285,30.946,42.992,45.111
2021-12-31,1.4,0.5468,0.773,0.7516,0.8622,41.401,46.518,41.84
2022-01-07,-2.82,0.4687,1.0654,0.698,1.0021,30.522,41.001,38.021
2022-01-14,-2.88,0.4018,1.3246,0.6481,1.1362,23.244,36.267,34.886
2022-01-21,1.0,0.4872,1.1354,0.6732,1.055,29.996,38.899,33.34
2022-01-28,-4.41,0.4176,1.6032,0.6252,1.2947,20.635,32.509,30.244
2022-02-11,3.8,0.9008,1.3742,0.8519,1.2022,39.566,41.418,30.901
2022-02-18,3.74,1.3064,1.1779,1.0582,1.1163,52.556,48.609,33.989
2022-02-25,-1.65,1.1198,1.2453,0.9826,1.1544,47.317,45.925,34.834
2022-03-04,0.12,0.977,1.0674,0.921,1.072,47.759,46.157,37.296
2022-03-11,-2.87,0.8374,1.3249,0.8552,1.2004,38.697,41.548,39.504
2022-03-18,0.84,0.8378,1.1357,0.8541,1.1147,42.422,43.327,41.279
2022-03-25,-0.9,0.7181,1.102,0.7931,1.0993,39.424,41.855,43.963
2022-04-01,-0.1,0.6155,0.9588,0.7365,1.028,39.067,41.685,43.892
2022-04-08,-1.51,0.5276,1.0376,0.6839,1.0624,33.678,39.108,41.195
2022-04-15,-3.29,0.4522,1.3594,0.635,1.2215,24.931,34.149,37.997
2022-04-22,-3.02,0.3876,1.5966,0.5897,1.35,19.504,30.347,33.96
2022-04-29,-1.56,0.3322,1.5914,0.5475,1.365,17.24,28.572,30.895
2022-05-06,-0.46,0.2848,1.4297,0.5084,1.3003,16.581,28.054,27.204
2022-05-13,-0.75,0.2441,1.3326,0.4721,1.261,15.452,27.185,23.779
2022-05-20,0.31,0.2535,1.1423,0.4605,1.1709,18.132,28.172,20.788
2022-05-27,-1.14,0.2173,1.1419,0.4276,1.1687,15.957,26.732,18.257
2022-06-02,1.96,0.4662,0.9788,0.5371,1.0853,32.233,33.05,19.3
2022-06-10,0.97,0.5382,0.839,0.568,1.0077,39.049,35.992,22.092
2022-06-17,0.84,0.5813,0.7191,0.5874,0.9358,44.672,38.509,26.011
2022-06-24,3.12,0.944,0.6164,0.7683,0.8689,60.467,46.873,32.28
2022-07-01,-0.59,0.8091,0.6126,0.7135,0.849,56.881,45.609,38.199
2022-07-08,1.44,0.8993,0.5251,0.7654,0.7884,63.105,49.205,44.623
2022-07-15,-2.92,0.7708,0.8672,0.7107,0.9406,47.027,42.984,49.062
2022-07-22,1.54,0.8807,0.7433,0.7699,0.8734,54.2,46.796,52.2
2022-07-29,0.82,0.872,0.6371,0.7735,0.811,57.753,48.762,54.872
2022-08-05,0.16,0.7703,0.5461,0.7297,0.7531,58.486,49.156,56.846
2022-08-12,-0.99,0.6603,0.6095,0.6776,0.77,51.97,46.754,55.632
2022-08-19,-2.27,0.5659,0.8467,0.6292,0.8772,40.031,41.713,53.225
2022-08-26,-1.73,0.4851,0.9729,0.5842,0.9381,33.242,38.321,48.958
2022-09-02,0.18,0.4415,0.8339,0.5553,0.8711,34.587,38.875,47.181
2022-09-09,-0.24,0.3784,0.7491,0.5157,0.826,33.531,38.381,44.229
2022-09-16,-1.7,0.3244,0.8849,0.4788,0.8884,26.795,34.965,39.806
2022-09-23,-1.72,0.278,1.0042,0.4446,0.9478,21.651,31.875,34.544
2022-09-30,-0.91,0.2383,0.9908,0.4129,0.9451,19.358,30.35,29.885
2022-10-14,0.18,0.23,0.8492,0.3962,0.8776,21.282,31.049,27.207
2022-10-21,0.8,0.3114,0.7279,0.4251,0.8149,29.932,34.227,26.734
2022-10-28,0.15,0.2884,0.6239,0.4054,0.7567,31.582,34.83,26.304
2022-11-04,1.75,0.4972,0.5348,0.5015,0.7027,48.148,41.591,28.393
2022-11-11,-1.24,0.4261,0.6355,0.4657,0.7411,40.108,38.535,30.294
2022-11-18,0.39,0.421,0.5447,0.4603,0.6881,43.565,40.027,33.425
2022-11-25,-2.58,0.3608,0.8355,0.4274,0.8233,30.13,34.118,34.964
2022-12-02,0.7,0.4093,0.7161,0.4469,0.7644,36.339,36.839,37.115
2022-12-09,1.03,0.498,0.6138,0.4885,0.7098,44.762,40.711,39.233
2022-12-16,-0.1,0.4268,0.5404,0.4536,0.6663,44.097,40.449,41.021
2022-12-23,-0.54,0.3658,0.5404,0.4212,0.6573,40.336,38.999,39.905
2022-12-30,-0.53,0.3136,0.5389,0.3911,0.6482,36.756,37.576,39.426
2023-01-06,1.11,0.4274,0.4619,0.4425,0.6019,48.03,42.314,40.064
2023-01-13,-0.68,0.3663,0.4931,0.4109,0.6075,42.593,40.293,41.845
2023-01-20,4.62,0.974,0.4226,0.7115,0.5641,69.711,55.723,46.612
2023-02-03,5.98,1.6891,0.3622,1.0878,0.5238,82.313,67.443,51.977
2023-02-10,4.05,2.0264,0.3105,1.2994,0.4864,86.683,72.708,58.06
2023-02-17,-1.21,1.7369,0.439,1.2066,0.5381,79.794,69.103,63.697
2023-02-24,2.45,1.8388,0.3763,1.2954,0.4996,82.982,72.112,70.301
2023-03-03,1.56,1.799,0.3225,1.3143,0.4639,84.768,73.857,75.549
2023-03-10,-3.08,1.542,0.7165,1.2204,0.6508,68.245,65.165,79.214
2023-03-17,4.65,1.986,0.6141,1.4654,0.6043,76.352,70.748,80.162
2023-03-24,7.74,2.808,0.5264,1.9136,0.5611,84.183,77.272,80.43
2023-03-31,3.66,2.9297,0.4512,2.0383,0.5211,86.624,79.585,80.421
2023-04-07,1.82,2.7712,0.3867,2.0227,0.4838,87.725,80.643,81.554
2023-04-14,-6.32,2.3753,1.2343,1.8783,0.9007,65.775,67.534,79.096
2023-04-21,-1.14,2.036,1.2209,1.7441,0.9178,62.483,65.466,75.912
2023-04-28,2.56,2.1108,1.0465,1.8024,0.8522,66.825,67.842,75.71
2023-05-05,-2.55,1.8093,1.2612,1.6736,0.9735,58.895,63.169,73.216
2023-05-12,5.19,2.2922,1.0811,1.9248,0.904,67.921,67.988,70.893
2023-05-19,-3.32,1.9648,1.4009,1.7873,1.0766,58.347,62.353,66.853
2023-05-26,-3.29,1.6841,1.6708,1.6597,1.2347,50.168,57.287,61.488
2023-06-02,10.17,2.8964,1.4321,2.2675,1.1465,66.885,66.363,61.646
2023-06-09,-0.45,2.4826,1.2918,2.1056,1.0967,65.745,65.698,62.112
2023-06-16,7.96,3.2651,1.1073,2.5237,1.0184,74.645,71.194,63.229
2023-06-21,3.29,3.2686,0.9491,2.5785,0.9456,77.467,73.113,65.883
2023-06-30,-9.64,2.8017,2.1906,2.3943,1.5667,56.09,60.392,64.192
2023-07-07,0.75,2.5086,1.8777,2.2768,1.4548,57.162,60.959,64.023
2023-07-14,1.58,2.3759,1.6094,2.2271,1.3508,59.587,62.191,65.369
2023-07-21,-5.61,2.0365,2.181,2.068,1.6551,48.257,55.49,62.708
2023-07-28,-2.15,1.7456,2.1765,1.9203,1.6904,44.477,53.129,59.669
2023-08-04,1.04,1.6448,1.8656,1.8574,1.5697,46.825,54.142,55.695
