日期,daily,weekly
2008-05-12,0.0,0.0
2008-05-13,0.0,0.0
2008-05-14,0.0,0.0
2008-05-15,0.0,0.0
2008-05-16,0.0,0.0
2008-05-19,0.0,0.0
2008-05-20,0.0,0.0
2008-05-21,0.0,0.0
2008-05-22,0.0,0.0
2008-05-23,0.0,0.0
2008-05-26,0.0,0.0
2008-05-27,0.0,0.0
2008-05-28,0.0,0.0
2008-05-29,0.0,0.0
2008-05-30,0.0,0.0
2008-06-02,0.0,0.0
2008-06-03,0.301,0.0
2008-06-04,0.0,0.0
2008-06-05,0.0,0.0
2008-06-06,0.0,0.0
2008-06-10,-0.603,0.0
2008-06-11,0.0,0.0
2008-06-12,0.0,0.0
2008-06-13,0.0,0.0
2008-06-16,0.0,0.0
2008-06-17,0.0,0.0
2008-06-18,0.556,0.0
2008-06-19,0.0,0.0
2008-06-20,0.0,0.0
2008-06-23,0.0,0.0
2008-06-24,0.0,0.0
2008-06-25,0.0,0.0
2008-06-26,0.0,0.0
2008-06-27,0.0,0.0
2008-06-30,0.0,0.0
2008-07-01,0.0,0.0
2008-07-02,0.0,0.0
2008-07-03,0.0,0.0
2008-07-04,0.0,0.0
2008-07-07,0.0,0.0
2008-07-08,0.0,0.0
2008-07-09,0.0,0.0
2008-07-10,0.0,0.0
2008-07-11,0.0,0.539
2008-07-14,0.0,0.0
2008-07-15,-0.555,0.0
2008-07-16,0.0,0.0
2008-07-17,0.0,0.0
2008-07-18,0.0,-0.427
2008-07-21,0.0,0.0
2008-07-22,0.0,0.0
2008-07-23,0.494,0.0
2008-07-24,0.0,0.0
2008-07-25,0.0,0.55
2008-07-28,0.0,0.0
2008-07-29,-0.558,0.0
2008-07-30,0.0,0.0
2008-07-31,0.0,0.0
2008-08-01,0.0,-0.42
2008-08-04,0.0,0.0
2008-08-05,0.0,0.0
2008-08-06,0.593,0.0
2008-08-07,0.0,0.0
2008-08-08,0.0,0.0
2008-08-11,0.0,0.0
2008-08-12,-0.264,0.0
2008-08-13,0.756,0.0
2008-08-14,0.0,0.0
2008-08-15,0.0,0.0
2008-08-19,0.0,0.0
2008-08-20,0.0,0.0
2008-08-21,0.0,0.0
2008-08-22,0.0,0.0
2008-08-25,0.0,0.0
2008-08-26,0.0,0.0
2008-08-27,0.0,0.0
2008-08-28,0.0,0.0
2008-08-29,0.0,0.0
2008-09-01,0.0,0.0
2008-09-02,0.0,0.0
2008-09-03,0.0,0.0
2008-09-04,0.0,0.0
2008-09-05,0.0,0.0
2008-09-08,0.0,0.0
2008-09-09,0.0,0.0
2008-09-10,0.0,0.0
2008-09-11,-0.204,0.0
2008-09-12,0.0,0.0
2008-09-16,0.81,0.0
2008-09-17,0.0,0.0
2008-09-18,0.0,0.0
2008-09-19,0.0,0.683
2008-09-22,0.0,0.0
2008-09-23,0.0,0.0
2008-09-24,-0.239,0.0
2008-09-25,0.0,0.0
2008-09-26,0.0,0.0
2008-10-06,0.0,0.0
2008-10-07,0.0,0.0
2008-10-08,0.0,0.0
2008-10-09,0.0,0.0
2008-10-10,0.0,0.0
2008-10-13,0.0,0.0
2008-10-14,0.753,0.0
2008-10-15,0.0,0.0
2008-10-16,0.0,0.0
2008-10-17,0.0,0.0
2008-10-20,0.0,0.0
2008-10-21,0.0,0.0
2008-10-22,-0.392,0.0
2008-10-23,0.0,0.0
2008-10-24,0.0,0.0
2008-10-27,0.0,0.0
2008-10-28,0.0,0.0
2008-10-29,0.0,0.0
2008-10-30,0.0,0.0
2008-10-31,0.0,0.0
2008-11-03,0.0,0.0
2008-11-04,0.0,0.0
2008-11-05,0.0,0.0
2008-11-06,0.0,0.0
2008-11-07,0.0,0.0
2008-11-10,0.0,0.0
2008-11-11,0.0,0.0
2008-11-12,0.0,0.0
2008-11-13,0.0,0.0
2008-11-14,0.0,0.0
2008-11-17,0.0,0.0
2008-11-18,0.0,0.0
2008-11-19,0.0,0.0
2008-11-20,0.0,0.0
2008-11-21,0.0,0.0
2008-11-24,0.0,0.0
2008-11-25,0.0,0.0
2008-11-26,0.0,0.0
2008-11-27,0.0,0.0
2008-11-28,0.0,-0.378
2008-12-01,0.469,0.0
2008-12-02,0.0,0.0
2008-12-03,0.0,0.0
2008-12-04,0.0,0.0
2008-12-05,0.0,0.561
2008-12-08,0.0,0.0
2008-12-09,-0.601,0.0
2008-12-10,0.341,0.0
2008-12-11,-0.591,0.0
2008-12-12,0.0,-0.43
2008-12-15,0.0,0.0
2008-12-16,0.0,0.0
2008-12-17,0.0,0.0
2008-12-18,0.333,0.0
2008-12-19,0.0,0.474
2008-12-22,0.0,0.0
2008-12-23,-0.577,0.0
2008-12-24,0.0,0.0
2008-12-25,0.0,0.0
2008-12-26,0.0,-0.493
2008-12-29,0.0,0.0
2008-12-30,0.416,0.0
2008-12-31,0.0,0.0
2009-01-05,0.0,0.0
2009-01-06,0.0,0.0
2009-01-07,0.0,0.0
2009-01-08,0.0,0.0
2009-01-09,0.0,0.0
2009-01-12,0.0,0.0
2009-01-13,-0.591,0.0
2009-01-14,0.0,0.0
2009-01-15,0.0,0.0
2009-01-16,0.0,0.0
2009-01-19,0.0,0.0
2009-01-20,0.0,0.0
2009-01-21,0.0,0.0
2009-01-22,0.0,0.0
2009-01-23,0.0,0.0
2009-02-02,0.401,0.0
2009-02-03,0.0,0.0
2009-02-04,0.0,0.0
2009-02-05,-0.558,0.0
2009-02-06,0.406,0.0
2009-02-09,0.0,0.0
2009-02-10,-0.616,0.0
2009-02-11,0.0,0.0
2009-02-12,0.0,0.0
2009-02-13,0.426,0.0
2009-02-16,0.0,0.0
2009-02-17,-0.555,0.0
2009-02-18,0.0,0.0
2009-02-19,0.479,0.0
2009-02-20,0.0,0.0
2009-02-23,0.0,0.0
2009-02-24,-0.525,0.0
2009-02-25,0.474,0.0
2009-02-26,-0.512,0.0
2009-02-27,0.0,0.0
2009-03-02,0.0,0.0
2009-03-03,0.0,0.0
2009-03-04,0.485,0.0
2009-03-05,0.0,0.0
2009-03-06,0.0,0.0
2009-03-09,0.0,0.0
2009-03-10,0.0,0.0
2009-03-11,0.0,0.0
2009-03-12,-0.614,0.0
2009-03-13,0.0,0.0
2009-03-16,0.0,0.0
2009-03-17,0.0,0.0
2009-03-18,0.0,0.0
2009-03-19,0.0,0.0
2009-03-20,0.0,0.0
2009-03-23,0.0,0.0
2009-03-24,0.0,0.0
2009-03-25,0.0,0.0
2009-03-26,0.0,0.0
2009-03-27,0.0,0.0
2009-03-30,0.456,0.0
2009-03-31,0.0,0.0
2009-04-01,0.0,0.0
2009-04-02,0.0,0.0
2009-04-03,0.0,0.0
2009-04-07,0.0,0.0
2009-04-08,-0.658,0.0
2009-04-09,0.0,0.0
2009-04-10,0.0,0.0
2009-04-13,0.0,0.0
2009-04-14,0.0,0.0
2009-04-15,0.0,0.0
2009-04-16,0.0,0.0
2009-04-17,0.0,0.0
2009-04-20,0.0,0.0
2009-04-21,0.0,0.0
2009-04-22,0.0,0.0
2009-04-23,0.0,0.0
2009-04-24,0.419,0.0
2009-04-27,-0.463,0.0
2009-04-28,0.0,0.0
2009-04-29,0.483,0.0
2009-04-30,0.0,0.0
2009-05-04,0.0,0.0
2009-05-06,0.0,0.0
2009-05-07,0.0,0.0
2009-05-08,-0.509,0.0
2009-05-11,0.0,0.0
2009-05-12,0.0,0.0
2009-05-13,0.0,0.0
2009-05-14,0.471,0.0
2009-05-15,0.0,0.0
2009-05-18,0.0,0.0
2009-05-19,0.0,0.0
2009-05-20,0.0,0.0
2009-05-21,-0.542,0.0
2009-05-22,0.0,0.0
2009-05-25,0.0,0.0
2009-05-26,0.0,0.0
2009-05-27,0.0,0.0
2009-06-01,0.517,0.0
2009-06-02,0.0,0.0
2009-06-03,0.0,0.0
2009-06-04,0.0,0.0
2009-06-05,0.0,0.0
2009-06-08,0.0,0.0
2009-06-09,0.0,0.0
2009-06-10,0.0,0.0
2009-06-11,0.0,0.0
2009-06-12,0.0,0.0
2009-06-15,0.0,0.0
2009-06-16,0.0,0.0
2009-06-17,0.0,0.0
2009-06-18,0.0,0.0
2009-06-19,-0.483,0.0
2009-06-22,0.0,0.0
2009-06-23,0.48,0.0
2009-06-24,-0.485,0.0
2009-06-25,0.451,0.0
2009-06-26,-0.504,0.0
2009-06-29,0.0,0.0
2009-06-30,0.0,0.0
2009-07-01,0.422,0.0
2009-07-02,-0.528,0.0
2009-07-03,0.0,0.0
2009-07-06,0.0,0.0
2009-07-07,0.0,0.0
2009-07-08,0.0,0.0
2009-07-09,0.478,0.0
2009-07-10,0.0,0.321
2009-07-13,0.0,0.0
2009-07-14,0.0,0.0
2009-07-15,0.0,0.0
2009-07-16,0.0,0.0
2009-07-17,0.0,0.0
2009-07-23,0.0,0.0
2009-07-24,-0.828,0.0
2009-07-27,0.0,0.0
2009-07-28,0.0,0.0
2009-07-29,0.0,0.0
2009-07-30,0.0,0.0
2009-07-31,0.0,0.0
2009-08-03,0.0,0.0
2009-08-04,0.0,0.0
2009-08-05,0.0,0.0
2009-08-06,0.0,0.0
2009-08-07,0.21,0.0
2009-08-10,0.0,0.0
2009-08-11,-0.677,0.0
2009-08-12,0.0,0.0
2009-08-13,0.0,0.0
2009-08-14,0.0,-0.735
2009-08-17,0.0,0.0
2009-08-18,0.0,0.0
2009-08-19,0.603,0.0
2009-08-20,0.0,0.0
2009-08-21,0.0,0.0
2009-08-24,0.0,0.0
2009-08-25,0.0,0.0
2009-08-26,0.0,0.0
2009-08-27,0.0,0.0
2009-08-28,0.0,0.0
2009-08-31,-0.407,0.0
2009-09-01,0.582,0.0
2009-09-02,0.0,0.0
2009-09-03,0.0,0.0
2009-09-04,0.0,0.0
2009-09-07,0.0,0.0
2009-09-08,0.0,0.0
2009-09-09,0.0,0.0
2009-09-10,-0.534,0.0
2009-09-11,0.0,0.0
2009-09-14,0.0,0.0
2009-09-15,0.366,0.0
2009-09-16,-0.592,0.0
2009-09-17,0.0,0.0
2009-09-18,0.0,0.34
2009-09-21,0.0,0.0
2009-09-22,0.0,0.0
2009-09-23,0.0,0.0
2009-09-24,0.0,0.0
2009-09-25,0.513,0.0
2009-09-28,-0.433,0.0
2009-09-29,0.0,0.0
2009-09-30,0.587,-0.555
2009-10-09,0.0,0.394
2009-10-12,0.0,0.0
2009-10-13,0.0,0.0
2009-10-14,0.0,0.0
2009-10-15,0.0,0.0
2009-10-16,-0.536,0.0
2009-10-19,0.0,0.0
2009-10-20,0.0,0.0
2009-10-21,0.0,0.0
2009-10-22,0.0,0.0
2009-10-23,0.0,0.0
2009-10-26,0.0,0.0
2009-10-27,0.0,0.0
2009-10-28,0.0,0.0
2009-10-29,0.565,0.0
2009-10-30,0.0,0.0
2009-11-02,0.0,0.0
2009-11-03,0.0,0.0
2009-11-04,0.0,0.0
2009-11-05,0.0,0.0
2009-11-06,0.0,0.0
2009-11-09,0.0,0.0
2009-11-10,-0.481,0.0
2009-11-11,0.0,0.0
2009-11-12,0.0,0.0
2009-11-13,0.457,0.0
2009-11-16,0.0,0.0
2009-11-17,0.0,0.0
2009-11-18,0.0,0.0
2009-11-19,-0.563,0.0
2009-11-20,0.0,0.0
2009-11-23,0.0,0.0
2009-11-24,0.0,0.0
2009-11-25,0.0,0.0
2009-11-26,0.0,0.0
2009-11-27,0.0,-0.545
2009-11-30,0.0,0.0
2009-12-01,0.518,0.0
2009-12-02,0.0,0.0
2009-12-03,0.0,0.0
2009-12-04,0.0,0.437
2009-12-07,0.0,0.0
2009-12-08,-0.501,0.0
2009-12-09,0.0,0.0
2009-12-10,0.424,0.0
2009-12-11,0.0,0.0
2009-12-14,0.0,0.0
2009-12-15,-0.557,0.0
2009-12-16,0.0,0.0
2009-12-17,0.0,0.0
2009-12-18,0.0,-0.533
2009-12-21,0.0,0.0
2009-12-22,0.0,0.0
2009-12-23,0.52,0.0
2009-12-24,0.0,0.0
2009-12-25,0.0,0.45
2009-12-28,0.0,0.0
2009-12-29,0.0,0.0
2009-12-30,0.0,0.0
2009-12-31,0.0,0.0
2010-01-04,0.0,0.0
2010-01-05,0.0,0.0
2010-01-06,-0.588,0.0
2010-01-07,0.0,0.0
2010-01-08,0.0,0.0
2010-01-11,0.38,0.0
2010-01-12,-0.614,0.0
2010-01-13,0.328,0.0
2010-01-14,0.0,0.0
2010-01-15,-0.637,0.0
2010-01-18,0.0,0.0
2010-01-19,0.0,0.0
2010-01-20,0.0,0.0
2010-01-21,0.0,0.0
2010-01-22,0.0,0.0
2010-01-25,0.0,0.0
2010-01-26,0.0,0.0
2010-01-27,0.0,0.0
2010-01-28,0.541,0.0
2010-01-29,0.0,0.0
2010-02-01,0.0,0.0
2010-02-02,0.0,0.0
2010-02-03,0.0,0.0
2010-02-04,0.0,0.0
2010-02-05,-0.36,-0.497
2010-02-08,0.0,0.0
2010-02-09,0.649,0.0
2010-02-10,0.0,0.0
2010-02-11,0.0,0.0
2010-02-12,0.0,0.0
2010-02-22,0.0,0.0
2010-02-23,0.0,0.0
2010-02-24,0.0,0.0
2010-02-25,0.0,0.0
2010-02-26,0.0,0.459
2010-03-01,-0.517,0.0
2010-03-02,0.0,0.0
2010-03-03,0.0,0.0
2010-03-04,0.0,0.0
2010-03-05,0.0,-0.5
2010-03-08,0.0,0.0
2010-03-09,0.0,0.0
2010-03-10,0.0,0.0
2010-03-11,0.562,0.0
2010-03-12,0.0,0.491
2010-03-15,0.0,0.0
2010-03-16,0.0,0.0
2010-03-17,0.0,0.0
2010-03-18,0.0,0.0
2010-03-19,-0.584,0.0
2010-03-22,0.0,0.0
2010-03-23,0.0,0.0
2010-03-24,0.0,0.0
2010-03-25,0.0,0.0
2010-03-26,0.0,0.0
2010-03-29,0.0,0.0
2010-03-30,0.0,0.0
2010-03-31,0.0,0.0
2010-04-01,0.0,0.0
2010-04-02,0.0,0.0
2010-04-06,0.0,0.0
2010-04-07,0.0,0.0
2010-04-08,0.0,0.0
2010-04-09,0.0,0.0
2010-04-13,0.209,0.0
2010-04-14,0.0,0.0
2010-04-15,0.0,0.0
2010-04-16,-0.764,0.0
2010-04-19,0.0,0.0
2010-04-20,0.0,0.0
2010-04-21,0.0,0.0
2010-04-22,0.0,0.0
2010-04-23,0.0,0.0
2010-04-26,0.0,0.0
2010-04-27,0.0,0.0
2010-04-28,0.0,0.0
2010-04-29,0.0,0.0
2010-04-30,0.0,-0.587
2010-05-04,0.514,0.0
2010-05-05,0.0,0.0
2010-05-06,0.0,0.0
2010-05-07,0.0,0.0
2010-05-10,0.0,0.0
2010-05-11,0.0,0.0
2010-05-12,-0.325,0.0
2010-05-13,0.652,0.0
2010-05-14,0.0,0.0
2010-05-17,0.0,0.0
2010-05-18,0.0,0.0
2010-05-19,0.0,0.0
2010-05-20,0.0,0.0
2010-05-21,0.0,0.0
2010-05-24,0.0,0.0
2010-05-25,0.0,0.0
2010-05-26,0.0,0.0
2010-05-27,0.0,0.0
2010-05-28,-0.459,0.0
2010-05-31,0.0,0.0
2010-06-01,0.0,0.0
2010-06-02,0.0,0.0
2010-06-03,0.0,0.0
2010-06-04,0.499,0.0
2010-06-07,0.0,0.0
2010-06-08,-0.519,0.0
2010-06-09,0.443,0.0
2010-06-10,-0.579,0.0
2010-06-11,0.0,0.424
2010-06-17,0.0,0.0
2010-06-18,0.0,0.0
2010-06-21,0.0,0.0
2010-06-22,0.0,0.0
2010-06-23,0.0,0.0
2010-06-24,0.0,0.0
2010-06-25,0.0,0.0
2010-06-29,0.0,0.0
2010-06-30,0.0,0.0
2010-07-01,0.0,0.0
2010-07-02,0.0,-0.401
2010-07-05,0.735,0.0
2010-07-06,0.0,0.0
2010-07-07,0.0,0.0
2010-07-08,0.0,0.0
2010-07-09,0.0,0.0
2010-07-12,0.0,0.0
2010-07-13,0.0,0.0
2010-07-14,0.0,0.0
2010-07-15,-0.334,0.0
2010-07-16,0.0,0.0
2010-07-19,0.611,0.0
2010-07-20,0.0,0.0
2010-07-21,0.0,0.0
2010-07-22,0.0,0.0
2010-07-23,0.0,0.481
2010-07-26,0.0,0.0
2010-07-27,-0.645,0.0
2010-07-28,0.0,0.0
2010-07-29,0.0,0.0
2010-07-30,0.0,0.0
2010-08-02,0.0,0.0
2010-08-03,0.0,0.0
2010-08-04,0.0,0.0
2010-08-05,0.0,0.0
2010-08-06,0.0,0.0
2010-08-09,0.0,0.0
2010-08-10,0.0,0.0
2010-08-11,0.0,0.0
2010-08-12,0.0,0.0
2010-08-13,0.0,0.0
2010-08-16,0.0,0.0
2010-08-17,0.0,0.0
2010-08-18,0.32,0.0
2010-08-19,0.0,0.0
2010-08-20,-0.573,0.0
2010-08-23,0.0,0.0
2010-08-24,0.0,0.0
2010-08-25,0.0,0.0
2010-08-26,0.356,0.0
2010-08-27,0.0,0.0
2010-08-30,0.0,0.0
2010-08-31,0.0,0.0
2010-09-01,-0.683,0.0
2010-09-02,0.0,0.0
2010-09-03,0.0,0.0
2010-09-06,0.0,0.0
2010-09-07,0.0,0.0
2010-09-08,0.246,0.0
2010-09-09,0.0,0.0
2010-09-10,0.0,0.0
2010-09-13,0.0,0.0
2010-09-14,0.0,0.0
2010-09-15,-0.683,0.0
2010-09-16,0.0,0.0
2010-09-17,0.0,-0.703
2010-09-20,0.0,0.0
2010-09-21,0.0,0.0
2010-09-27,0.356,0.0
2010-09-28,0.0,0.0
2010-09-29,0.0,0.0
2010-09-30,0.0,0.0
2010-10-08,-0.509,0.0
2010-10-11,0.0,0.0
2010-10-12,0.0,0.0
2010-10-13,0.579,0.0
2010-10-14,0.0,0.0
2010-10-15,0.0,0.0
2010-10-18,0.0,0.0
2010-10-19,0.0,0.0
2010-10-20,0.0,0.0
2010-10-21,0.0,0.0
2010-10-22,0.0,0.0
2010-10-28,0.0,0.0
2010-10-29,0.0,0.311
2010-11-01,0.0,0.0
2010-11-02,0.0,0.0
2010-11-03,-0.65,0.0
2010-11-04,0.0,0.0
2010-11-05,0.0,0.0
2010-11-08,0.0,0.0
2010-11-09,0.0,0.0
2010-11-10,0.0,0.0
2010-11-11,0.0,0.0
2010-11-12,0.0,0.0
2010-11-15,0.0,0.0
2010-11-16,0.0,0.0
2010-11-17,0.0,0.0
2010-11-18,0.0,0.0
2010-11-19,0.243,0.0
2010-11-22,-0.702,0.0
2010-11-23,0.28,0.0
2010-11-24,-0.682,0.0
2010-11-25,0.0,0.0
2010-11-26,0.0,0.0
2010-11-29,0.294,0.0
2010-11-30,-0.653,0.0
2010-12-02,0.0,0.0
2010-12-03,0.0,-0.688
2010-12-06,0.0,0.0
2010-12-07,0.465,0.0
2010-12-08,0.0,0.0
2010-12-09,0.0,0.0
2010-12-10,0.0,0.0
2010-12-13,0.0,0.0
2010-12-14,0.0,0.0
2010-12-15,0.0,0.0
2010-12-16,0.0,0.0
2010-12-17,0.0,0.0
2010-12-20,-0.581,0.0
2010-12-21,0.0,0.0
2010-12-22,0.0,0.0
2010-12-23,0.0,0.0
2010-12-24,0.0,0.0
2010-12-27,0.564,0.0
2010-12-28,0.0,0.0
2010-12-29,0.0,0.0
2010-12-30,0.0,0.0
2010-12-31,0.0,0.0
2011-01-04,0.0,0.0
2011-01-05,0.0,0.0
2011-01-06,0.0,0.0
2011-01-07,-0.449,0.0
2011-01-10,0.0,0.0
2011-01-11,0.0,0.0
2011-01-12,0.0,0.0
2011-01-13,0.558,0.0
2011-01-14,0.0,0.0
2011-01-17,0.0,0.0
2011-01-18,0.0,0.0
2011-01-19,0.0,0.0
2011-01-20,0.0,0.0
2011-01-21,-0.328,0.0
2011-01-24,0.0,0.0
2011-01-25,0.7,0.0
2011-01-26,0.0,0.0
2011-01-27,0.0,0.0
2011-01-28,0.0,0.0
2011-01-31,0.0,0.0
2011-02-01,0.0,0.494
2011-02-09,0.0,0.0
2011-02-10,0.0,0.0
2011-02-11,0.0,0.0
2011-02-14,0.0,0.0
2011-02-15,0.0,0.0
2011-02-16,-0.512,0.0
2011-02-17,0.0,0.0
2011-02-21,0.0,0.0
2011-02-22,0.0,0.0
2011-02-23,0.0,0.0
2011-02-24,0.0,0.0
2011-02-25,0.0,0.0
2011-02-28,0.0,0.0
2011-03-01,0.0,0.0
2011-03-02,0.0,0.0
2011-03-03,0.0,0.0
2011-03-04,0.0,0.0
2011-03-07,0.512,0.0
2011-03-08,0.0,0.0
2011-03-09,0.0,0.0
2011-03-10,0.0,0.0
2011-03-11,0.0,0.0
2011-03-14,-0.606,0.0
2011-03-15,0.0,0.0
2011-03-16,0.0,0.0
2011-03-17,0.0,0.0
2011-03-18,0.0,0.0
2011-03-21,0.0,0.0
2011-03-22,0.0,0.0
2011-03-23,0.0,0.0
2011-03-24,0.0,0.0
2011-03-25,0.52,0.0
2011-03-28,0.0,0.0
2011-03-29,0.0,0.0
2011-03-30,0.0,0.0
2011-03-31,0.0,0.0
2011-04-01,0.0,0.0
2011-04-06,0.0,0.0
2011-04-07,0.0,0.0
2011-04-08,0.0,-0.481
2011-04-11,0.0,0.0
2011-04-12,0.0,0.0
2011-04-13,0.0,0.0
2011-04-14,0.0,0.0
2011-04-15,0.0,0.0
2011-04-18,0.0,0.0
2011-04-19,0.0,0.0
2011-04-20,0.0,0.0
2011-04-21,0.0,0.0
2011-04-22,-0.494,0.486
2011-04-25,0.0,0.0
2011-04-26,0.0,0.0
2011-04-27,0.0,0.0
2011-04-28,0.0,0.0
2011-04-29,0.0,0.0
2011-05-03,0.507,0.0
2011-05-04,0.0,0.0
2011-05-05,0.0,0.0
2011-05-06,0.0,0.0
2011-05-09,-0.528,0.0
2011-05-10,0.0,0.0
2011-05-11,0.0,0.0
2011-05-12,0.0,0.0
2011-05-13,0.0,0.0
2011-05-16,0.0,0.0
2011-05-17,0.0,0.0
2011-05-18,0.583,0.0
2011-05-19,0.0,0.0
2011-05-20,0.0,0.0
2011-05-23,0.0,0.0
2011-05-24,0.0,0.0
2011-05-25,0.0,0.0
2011-05-26,0.0,0.0
2011-05-27,0.0,-0.402
2011-05-30,0.0,0.0
2011-05-31,0.0,0.0
2011-06-01,0.0,0.0
2011-06-02,0.0,0.0
2011-06-03,0.0,0.603
2011-06-07,0.0,0.0
2011-06-08,0.0,0.0
2011-06-09,0.0,0.0
2011-06-10,0.0,0.0
2011-06-13,0.0,0.0
2011-06-14,0.0,0.0
2011-06-15,0.0,0.0
2011-06-16,-0.442,0.0
2011-06-17,0.0,0.0
2011-06-20,0.0,0.0
2011-06-21,0.0,0.0
2011-06-22,0.0,0.0
2011-06-23,0.0,0.0
2011-06-24,0.523,0.0
2011-06-27,0.0,0.0
2011-06-28,0.0,0.0
2011-06-29,-0.523,0.0
2011-06-30,0.409,0.0
2011-07-01,-0.571,0.0
2011-07-04,0.0,0.0
2011-07-05,0.0,0.0
2011-07-06,0.0,0.0
2011-07-07,0.0,0.0
2011-07-08,0.0,0.0
2011-07-11,0.0,0.0
2011-07-12,0.0,0.0
2011-07-13,0.0,0.0
2011-07-14,0.0,0.0
2011-07-15,0.0,0.0
2011-07-18,0.0,0.0
2011-07-19,0.0,0.0
2011-07-20,0.0,0.0
2011-07-21,0.0,0.0
2011-07-22,0.0,0.0
2011-07-25,0.0,0.0
2011-07-26,0.0,0.0
2011-07-27,0.573,0.0
2011-07-28,0.0,0.0
2011-07-29,0.0,-0.449
2011-08-01,0.0,0.0
2011-08-04,0.0,0.0
2011-08-05,0.0,0.0
2011-08-08,-0.36,0.0
2011-08-09,0.0,0.0
2011-08-10,0.0,0.0
2011-08-11,0.621,0.0
2011-08-12,0.0,0.0
2011-08-15,0.0,0.0
2011-08-16,0.0,0.0
2011-08-17,0.0,0.0
2011-08-18,0.0,0.0
2011-08-19,-0.356,0.0
2011-08-22,0.0,0.0
2011-08-23,0.628,0.0
2011-08-24,0.0,0.0
2011-08-25,0.0,0.0
2011-08-26,0.0,0.565
2011-08-29,0.0,0.0
2011-08-30,-0.433,0.0
2011-08-31,0.0,0.0
2011-09-01,0.0,0.0
2011-09-02,0.0,0.0
2011-09-05,0.0,0.0
2011-09-06,0.0,0.0
2011-09-07,0.619,0.0
2011-09-08,0.0,0.0
2011-09-09,0.0,0.0
2011-09-13,0.0,0.0
2011-09-14,0.0,0.0
2011-09-15,0.0,0.0
2011-09-16,0.0,0.0
2011-09-19,0.0,0.0
2011-09-20,0.0,0.0
2011-09-21,0.0,0.0
2011-09-22,-0.41,0.0
2011-09-23,0.0,0.0
2011-09-26,0.0,0.0
2011-09-27,0.0,0.0
2011-09-28,0.0,0.0
2011-09-29,0.0,0.0
2011-09-30,0.0,0.0
2011-10-10,0.75,0.0
2011-10-11,0.0,0.0
2011-10-12,0.0,0.0
2011-10-13,0.0,0.0
2011-10-14,0.0,0.0
2011-10-17,0.0,0.0
2011-10-18,0.0,0.0
2011-10-19,-0.578,0.0
2011-10-20,0.0,0.0
2011-10-21,0.0,0.0
2011-10-24,0.0,0.0
2011-10-25,0.0,0.0
2011-10-26,0.0,0.0
2011-10-27,0.0,0.0
2011-10-28,0.0,0.0
2011-10-31,0.377,0.0
2011-11-01,-0.599,0.0
2011-11-02,0.0,0.0
2011-11-03,0.303,0.0
2011-11-04,-0.669,0.0
2011-11-07,0.0,0.0
2011-11-08,0.0,0.0
2011-11-09,0.0,0.0
2011-11-10,0.0,0.0
2011-11-11,0.0,0.0
2011-11-14,0.387,0.0
2011-11-15,0.0,0.0
2011-11-16,-0.56,0.0
2011-11-17,0.0,0.0
2011-11-18,0.0,0.0
2011-11-21,0.0,0.0
2011-11-22,0.0,0.0
2011-11-23,0.471,0.0
2011-11-24,0.0,0.0
2011-11-25,0.0,-0.513
2011-11-28,0.0,0.0
2011-11-29,0.0,0.0
2011-11-30,-0.492,0.0
2011-12-01,0.0,0.0
2011-12-02,0.0,0.0
2011-12-05,0.0,0.0
2011-12-06,0.0,0.0
2011-12-07,0.0,0.0
2011-12-08,0.655,0.0
2011-12-09,0.0,0.0
2011-12-12,0.0,0.0
2011-12-13,0.0,0.0
2011-12-14,0.0,0.0
2011-12-15,0.0,0.0
2011-12-16,0.0,0.0
2011-12-19,0.0,0.0
2011-12-20,0.0,0.0
2011-12-21,0.0,0.0
2011-12-22,-0.452,0.0
2011-12-23,0.0,0.0
2011-12-26,0.0,0.0
2011-12-27,0.0,0.0
2011-12-28,0.0,0.0
2011-12-30,0.0,0.0
2012-01-04,0.0,0.0
2012-01-05,0.0,0.0
2012-01-06,0.0,0.0
2012-01-09,0.0,0.0
2012-01-10,0.634,0.0
2012-01-11,0.0,0.0
2012-01-12,0.0,0.0
2012-01-13,0.0,0.0
2012-01-16,0.0,0.0
2012-01-17,0.0,0.0
2012-01-18,0.0,0.0
2012-01-19,0.0,0.0
2012-01-20,0.0,0.634
2012-01-30,0.0,0.0
2012-01-31,0.0,0.0
2012-02-01,0.0,0.0
2012-02-02,0.0,0.0
2012-02-03,0.0,0.0
2012-02-06,-0.487,0.0
2012-02-07,0.0,0.0
2012-02-08,0.0,0.0
2012-02-09,0.0,0.0
2012-02-10,0.0,0.0
2012-02-13,0.0,0.0
2012-02-14,0.0,0.0
2012-02-15,0.0,0.0
2012-02-16,0.0,0.0
2012-02-17,0.0,0.0
2012-02-20,0.0,0.0
2012-02-21,0.0,0.0
2012-02-22,0.0,0.0
2012-02-23,0.0,0.0
2012-02-24,0.0,0.0
2012-02-27,0.0,0.0
2012-02-28,0.0,0.0
2012-02-29,0.0,0.0
2012-03-01,0.0,0.0
2012-03-02,0.0,0.0
2012-03-05,0.0,0.0
2012-03-06,0.0,0.0
2012-03-07,0.0,0.0
2012-03-08,0.0,0.0
2012-03-09,0.0,0.0
2012-03-12,0.0,0.0
2012-03-13,0.0,0.0
2012-03-14,0.0,0.0
2012-03-15,0.0,0.0
2012-03-16,0.357,-0.619
2012-03-19,-0.611,0.0
2012-03-20,0.0,0.0
2012-03-21,0.0,0.0
2012-03-22,0.0,0.0
2012-03-23,0.537,0.0
2012-03-26,0.0,0.0
2012-03-27,0.0,0.0
2012-03-28,0.0,0.0
2012-03-29,0.0,0.0
2012-03-30,0.0,0.0
2012-04-05,0.0,0.0
2012-04-06,0.0,0.0
2012-04-09,0.0,0.0
2012-04-10,0.0,0.0
2012-04-11,0.0,0.0
2012-04-12,0.0,0.0
2012-04-13,0.0,0.0
2012-04-16,0.0,0.0
2012-04-17,0.0,0.0
2012-04-18,0.0,0.0
2012-04-19,-0.529,0.0
2012-04-20,0.0,0.0
2012-04-23,0.0,0.0
2012-04-24,0.0,0.0
2012-04-25,0.0,0.0
2012-04-26,0.0,0.0
2012-05-02,0.587,0.0
2012-05-03,0.0,0.0
2012-05-04,0.0,0.0
2012-05-07,0.0,0.0
2012-05-08,0.0,0.0
2012-05-09,0.0,0.0
2012-05-10,-0.427,0.0
2012-05-11,0.0,0.0
2012-05-14,0.0,0.0
2012-05-15,0.575,0.0
2012-05-16,0.0,0.0
2012-05-17,0.0,0.0
2012-05-18,0.0,0.0
2012-05-21,0.0,0.0
2012-05-22,0.0,0.0
2012-05-23,-0.469,0.0
2012-05-24,0.0,0.0
2012-05-25,0.0,0.0
2012-05-28,0.561,0.0
2012-05-29,-0.422,0.0
2012-05-30,0.0,0.0
2012-05-31,0.518,0.0
2012-06-01,0.0,0.494
2012-06-04,0.0,0.0
2012-06-05,0.0,0.0
2012-06-06,-0.54,0.0
2012-06-07,0.0,0.0
2012-06-08,0.0,0.0
2012-06-11,0.0,0.0
2012-06-12,0.0,0.0
2012-06-13,0.0,0.0
2012-06-14,0.0,0.0
2012-06-15,0.0,-0.452
2012-06-18,0.0,0.0
2012-06-19,0.54,0.0
2012-06-20,0.0,0.0
2012-06-21,0.0,0.546
2012-06-25,-0.387,0.0
2012-06-26,0.0,0.0
2012-06-27,0.594,0.0
2012-06-28,-0.331,0.0
2012-06-29,0.0,-0.374
2012-07-02,0.677,0.0
2012-07-03,0.0,0.0
2012-07-04,0.0,0.0
2012-07-05,0.0,0.0
2012-07-06,0.0,0.516
2012-07-09,0.0,0.0
2012-07-10,-0.463,0.0
2012-07-11,0.0,0.0
2012-07-12,0.0,0.0
2012-07-13,0.0,0.0
2012-07-16,0.0,0.0
2012-07-17,0.0,0.0
2012-07-18,0.0,0.0
2012-07-19,0.0,0.0
2012-07-20,0.0,0.0
2012-07-23,0.569,0.0
2012-07-24,0.0,0.0
2012-07-25,0.0,0.0
2012-07-26,0.0,0.0
2012-07-27,-0.346,-0.394
2012-07-30,0.65,0.0
2012-07-31,0.0,0.0
2012-08-01,0.0,0.0
2012-08-02,0.0,0.0
2012-08-03,0.0,0.525
2012-08-06,0.0,0.0
2012-08-07,0.0,0.0
2012-08-08,-0.615,0.0
2012-08-09,0.0,0.0
2012-08-24,0.0,0.0
2012-08-27,0.0,0.0
2012-08-28,0.0,0.0
2012-08-29,0.0,0.0
2012-08-30,0.0,0.0
2012-08-31,0.0,0.0
2012-09-03,0.0,0.0
2012-09-04,0.0,0.0
2012-09-05,0.0,0.0
2012-09-06,0.0,0.0
2012-09-07,0.0,0.0
2012-09-10,0.0,0.0
2012-09-11,0.0,0.0
2012-09-12,0.0,0.0
2012-09-13,0.0,0.0
2012-09-14,0.0,0.0
2012-09-17,0.0,0.0
2012-09-18,0.0,0.0
2012-09-19,0.429,0.0
2012-09-20,0.0,0.0
2012-09-21,0.0,-0.587
2012-09-24,0.0,0.0
2012-09-25,0.0,0.0
2012-09-26,-0.48,0.0
2012-09-27,0.463,0.0
2012-09-28,0.0,0.0
2012-10-08,0.0,0.0
2012-10-09,0.0,0.0
2012-10-10,0.0,0.0
2012-10-11,0.0,0.0
2012-10-12,-0.602,0.0
2012-10-15,0.0,0.0
2012-10-16,0.0,0.0
2012-10-17,0.0,0.0
2012-10-18,0.0,0.0
2012-10-19,0.0,0.0
2012-10-22,0.429,0.0
2012-10-23,0.0,0.0
2012-10-24,0.0,0.0
2012-10-25,-0.462,0.0
2012-10-26,0.0,0.0
2012-10-29,0.54,0.0
2012-10-30,0.0,0.0
2012-10-31,0.0,0.0
2012-11-01,0.0,0.0
2012-11-02,0.0,0.0
2012-11-05,0.0,0.0
2012-11-06,0.0,0.0
2012-11-07,0.0,0.0
2012-11-08,-0.517,0.0
2012-11-09,0.0,0.0
2012-11-12,0.0,0.0
2012-11-13,0.0,0.0
2012-11-14,0.0,0.0
2012-11-15,0.0,0.0
2012-11-16,0.583,0.0
2012-11-19,0.0,0.0
2012-11-20,0.0,0.0
2012-11-21,0.0,0.0
2012-11-22,0.0,0.0
2012-11-23,0.0,0.0
2012-11-26,-0.301,0.0
2012-11-27,0.0,0.0
2012-11-28,0.0,0.0
2012-11-29,0.743,0.0
2012-11-30,0.0,0.0
2012-12-03,0.0,0.0
2012-12-04,0.0,0.0
2012-12-05,0.0,0.0
2012-12-06,0.0,0.0
2012-12-07,0.0,0.0
2012-12-10,0.0,0.0
2012-12-11,-0.449,0.0
2012-12-12,0.0,0.0
2012-12-13,0.0,0.0
2012-12-14,0.0,0.486
2012-12-17,0.0,0.0
2012-12-18,0.0,0.0
2012-12-19,0.451,0.0
2012-12-20,0.0,0.0
2012-12-21,0.0,0.0
2012-12-24,0.0,0.0
2012-12-25,-0.619,0.0
2012-12-26,0.0,0.0
2012-12-27,0.0,0.0
2012-12-28,0.0,0.0
2012-12-31,0.0,0.0
2013-01-04,0.0,0.0
2013-01-07,0.0,0.0
2013-01-08,0.0,0.0
2013-01-09,0.0,0.0
2013-01-10,0.0,0.0
2013-01-11,0.0,0.0
2013-01-14,0.0,0.0
2013-01-15,0.355,0.0
2013-01-16,0.0,0.0
2013-01-17,-0.584,0.0
2013-01-18,0.0,0.0
2013-01-21,0.0,0.0
2013-01-22,0.0,0.0
2013-01-23,0.0,0.0
2013-01-24,0.0,0.0
2013-01-25,0.512,-0.552
2013-01-28,0.0,0.0
2013-01-29,0.0,0.0
2013-01-30,0.0,0.0
2013-01-31,0.0,0.0
2013-02-01,0.0,0.0
2013-02-04,0.0,0.0
2013-02-05,0.0,0.0
2013-02-06,0.0,0.0
2013-02-07,0.0,0.0
2013-02-08,0.0,0.322
2013-02-18,0.0,0.0
2013-02-19,-0.663,0.0
2013-02-20,0.0,0.0
2013-02-21,0.0,0.0
2013-02-22,0.0,0.0
2013-02-25,0.0,0.0
2013-02-26,0.0,0.0
2013-02-27,0.0,0.0
2013-02-28,0.382,0.0
2013-03-01,0.0,0.0
2013-03-04,-0.556,0.0
2013-03-05,0.4,0.0
2013-03-06,0.0,0.0
2013-03-07,0.0,0.0
2013-03-08,-0.561,-0.628
2013-03-11,0.0,0.0
2013-03-12,0.0,0.0
2013-03-13,0.0,0.0
2013-03-14,0.0,0.0
2013-03-15,0.515,0.0
2013-03-18,0.0,0.0
2013-03-19,0.0,0.0
2013-03-20,0.0,0.0
2013-03-21,0.0,0.0
2013-03-22,0.0,0.0
2013-03-25,0.0,0.0
2013-03-26,0.0,0.0
2013-03-27,0.0,0.0
2013-03-28,-0.567,0.0
2013-03-29,0.0,0.0
2013-04-01,0.0,0.0
2013-04-02,0.0,0.0
2013-04-03,0.0,0.0
2013-04-08,0.356,0.0
2013-04-09,0.0,0.0
2013-04-10,-0.587,0.0
2013-04-11,0.0,0.0
2013-04-12,0.0,0.0
2013-04-15,0.0,0.0
2013-04-16,0.0,0.0
2013-04-17,0.406,0.0
2013-04-18,0.0,0.0
2013-04-19,0.0,0.341
2013-04-22,0.0,0.0
2013-04-23,-0.573,0.0
2013-04-24,0.358,0.0
2013-04-25,-0.589,0.0
2013-04-26,0.0,0.0
2013-05-02,0.0,0.0
2013-05-03,0.0,-0.674
2013-05-06,0.379,0.0
2013-05-07,0.0,0.0
2013-05-08,0.0,0.0
2013-05-09,0.0,0.0
2013-05-10,-0.585,0.0
2013-05-13,0.0,0.0
2013-05-14,0.0,0.0
2013-05-15,0.0,0.0
2013-05-16,0.0,0.0
2013-05-17,0.0,0.0
2013-05-20,0.415,0.0
2013-05-21,0.0,0.0
2013-05-22,0.0,0.0
2013-05-23,-0.557,0.0
2013-05-24,0.395,0.0
2013-05-27,0.0,0.0
2013-05-28,0.0,0.0
2013-05-29,0.0,0.0
2013-05-30,0.0,0.0
2013-05-31,0.0,0.205
2013-06-03,-0.649,0.0
2013-06-04,0.0,0.0
2013-06-05,0.0,0.0
2013-06-06,0.0,0.0
2013-06-07,0.0,-0.74
2013-06-13,0.0,0.0
2013-06-14,0.321,0.0
2013-06-17,0.0,0.0
2013-06-18,0.0,0.0
2013-06-19,-0.625,0.0
2013-06-20,0.0,0.0
2013-06-21,0.0,0.0
2013-06-24,0.0,0.0
2013-06-25,0.0,0.0
2013-06-26,0.364,0.0
2013-06-27,0.0,0.0
2013-06-28,0.0,0.0
2013-07-01,0.0,0.0
2013-07-02,0.0,0.0
2013-07-03,0.0,0.0
2013-07-04,0.0,0.0
2013-07-05,-0.575,0.0
2013-07-08,0.0,0.0
2013-07-09,0.0,0.0
2013-07-10,0.369,0.0
2013-07-11,0.0,0.0
2013-07-12,0.0,0.0
2013-07-15,0.0,0.0
2013-07-16,0.0,0.0
2013-07-17,0.0,0.0
2013-07-18,-0.781,0.0
2013-07-19,0.0,0.166
2013-07-22,0.0,0.0
2013-07-23,0.0,0.0
2013-07-24,0.0,0.0
2013-07-25,0.0,0.0
2013-07-26,0.0,0.0
2013-07-29,0.0,0.0
2013-07-30,0.0,0.0
2013-07-31,0.0,0.0
2013-08-01,0.0,0.0
2013-08-02,0.428,-0.76
2013-08-05,0.0,0.0
2013-08-06,0.0,0.0
2013-08-07,0.0,0.0
2013-08-08,0.0,0.0
2013-08-09,-0.477,0.0
2013-08-12,0.0,0.0
2013-08-13,0.0,0.0
2013-08-14,0.556,0.0
2013-08-15,0.0,0.0
2013-08-16,0.0,0.0
2013-08-19,0.0,0.0
2013-08-20,0.0,0.0
2013-08-21,0.0,0.0
2013-08-22,0.0,0.0
2013-08-23,0.0,0.0
2013-08-26,0.0,0.0
2013-08-27,0.0,0.0
2013-08-28,0.0,0.0
2013-08-29,0.0,0.0
2013-08-30,-0.398,0.0
2013-09-02,0.0,0.0
2013-09-03,0.575,0.0
2013-09-04,-0.402,0.0
2013-09-05,0.523,0.0
2013-09-06,0.0,0.0
2013-09-09,0.0,0.0
2013-09-10,-0.46,0.0
2013-09-11,0.0,0.0
2013-09-12,0.0,0.0
2013-09-13,0.0,0.0
2013-09-16,0.0,0.0
2013-09-17,0.58,0.0
2013-09-18,0.0,0.492
2013-09-23,0.0,0.0
2013-09-24,0.0,0.0
2013-09-25,0.0,0.0
2013-09-26,-0.52,0.0
2013-09-27,0.0,0.0
2013-09-30,0.0,0.0
2013-10-08,0.0,0.0
2013-10-09,0.0,0.0
2013-10-10,0.0,0.0
2013-10-11,0.0,0.0
2013-10-14,0.0,0.0
2013-10-15,0.0,0.0
2013-10-16,0.0,0.0
2013-10-17,0.0,0.0
2013-10-18,0.0,0.0
2013-10-21,0.0,0.0
2013-10-22,0.0,0.0
2013-10-23,0.0,0.0
2013-10-24,0.626,0.0
2013-10-25,0.0,-0.453
2013-10-28,0.0,0.0
2013-10-29,0.0,0.0
2013-10-30,0.0,0.0
2013-10-31,0.0,0.0
2013-11-01,0.0,0.536
2013-11-04,0.0,0.0
2013-11-05,0.0,0.0
2013-11-06,0.0,0.0
2013-11-07,-0.404,0.0
2013-11-08,0.0,-0.455
2013-11-11,0.597,0.0
2013-11-12,0.0,0.0
2013-11-13,-0.399,0.0
2013-11-14,0.562,0.0
2013-11-15,0.0,0.518
2013-11-18,0.0,0.0
2013-11-19,0.0,0.0
2013-11-20,-0.498,0.0
2013-11-21,0.0,0.0
2013-11-22,0.0,0.0
2013-11-25,0.0,0.0
2013-11-26,0.0,0.0
2013-11-27,0.0,0.0
2013-11-28,0.0,0.0
2013-11-29,0.0,0.0
2013-12-02,0.0,0.0
2013-12-03,0.0,0.0
2013-12-04,0.0,0.0
2013-12-05,0.0,0.0
2013-12-06,0.0,0.0
2013-12-09,0.0,0.0
2013-12-10,0.0,0.0
2013-12-11,0.384,0.0
2013-12-12,0.0,0.0
2013-12-13,0.0,0.0
2013-12-16,-0.533,0.0
2013-12-17,0.0,0.0
2013-12-18,0.0,0.0
2013-12-19,0.0,0.0
2013-12-20,0.0,0.0
2013-12-23,0.0,0.0
2013-12-24,0.511,0.0
2013-12-25,0.0,0.0
2013-12-26,0.0,0.0
2013-12-27,0.0,0.0
2013-12-30,0.0,0.0
2013-12-31,0.0,0.0
2014-01-02,0.0,0.0
2014-01-03,-0.514,0.0
2014-01-06,0.0,0.0
2014-01-07,0.0,0.0
2014-01-08,0.0,0.0
2014-01-09,0.0,0.0
2014-01-10,0.556,-0.496
2014-01-13,0.0,0.0
2014-01-14,0.0,0.0
2014-01-15,0.0,0.0
2014-01-16,0.0,0.0
2014-01-17,0.0,0.441
2014-01-20,0.0,0.0
2014-01-21,-0.645,0.0
2014-01-22,0.0,0.0
2014-01-23,0.0,0.0
2014-01-24,0.0,0.0
2014-01-27,0.0,0.0
2014-01-28,0.0,0.0
2014-01-29,0.284,0.0
2014-01-30,0.0,0.0
2014-02-07,0.0,0.0
2014-02-10,0.0,0.0
2014-02-11,-0.69,0.0
2014-02-12,0.0,0.0
2014-02-13,0.0,0.0
2014-02-14,0.0,-0.598
2014-02-17,0.0,0.0
2014-02-18,0.0,0.0
2014-02-19,0.0,0.0
2014-02-20,0.341,0.0
2014-02-21,0.0,0.0
2014-02-24,-0.574,0.0
2014-02-25,0.0,0.0
2014-02-26,0.0,0.0
2014-02-27,0.0,0.0
2014-02-28,0.0,0.0
2014-03-03,0.517,0.0
2014-03-04,0.0,0.0
2014-03-05,0.0,0.0
2014-03-06,0.0,0.0
2014-03-07,0.0,0.0
2014-03-10,-0.357,0.0
2014-03-11,0.0,0.0
2014-03-12,0.0,0.0
2014-03-13,0.651,0.0
2014-03-14,0.0,0.0
2014-03-17,0.0,0.0
2014-03-18,0.0,0.0
2014-03-19,0.0,0.0
2014-03-20,0.0,0.0
2014-03-21,0.0,0.0
2014-03-24,0.0,0.0
2014-03-25,0.0,0.0
2014-03-26,0.0,0.0
2014-03-27,0.0,0.0
2014-03-28,0.0,0.0
2014-03-31,0.0,0.0
2014-04-01,0.0,0.0
2014-04-02,-0.392,0.0
2014-04-03,0.0,0.0
2014-04-04,0.526,0.525
2014-04-08,0.0,0.0
2014-04-09,0.0,0.0
2014-04-10,-0.511,0.0
2014-04-11,0.0,0.0
2014-04-14,0.0,0.0
2014-04-15,0.0,0.0
2014-04-16,0.0,0.0
2014-04-17,0.0,0.0
2014-04-18,0.0,0.0
2014-04-21,0.0,0.0
2014-04-22,0.0,0.0
2014-04-23,0.0,0.0
2014-04-24,0.0,0.0
2014-04-25,0.709,0.0
2014-04-28,0.0,0.0
2014-04-29,0.0,0.0
2014-04-30,0.0,0.0
2014-05-05,0.0,0.0
2014-05-06,0.0,0.0
2014-05-07,0.0,0.0
2014-05-08,-0.367,0.0
2014-05-09,0.0,0.0
2014-05-12,0.623,0.0
2014-05-13,-0.353,0.0
2014-05-14,0.0,0.0
2014-05-15,0.0,0.0
2014-05-16,0.0,-0.357
2014-05-19,0.0,0.0
2014-05-20,0.0,0.0
2014-05-21,0.731,0.0
2014-05-22,0.0,0.0
2014-05-23,0.0,0.0
2014-05-26,0.0,0.0
2014-05-27,0.0,0.0
2014-05-28,0.0,0.0
2014-05-29,0.0,0.0
2014-05-30,-0.455,0.0
2014-06-03,0.0,0.0
2014-06-04,0.0,0.0
2014-06-05,0.0,0.0
2014-06-06,0.0,0.0
2014-06-09,0.0,0.0
2014-06-10,0.0,0.0
2014-06-11,0.0,0.0
2014-06-12,0.0,0.0
2014-06-13,0.0,0.0
2014-06-16,0.368,0.0
2014-06-17,0.0,0.0
2014-06-18,0.0,0.0
2014-06-19,-0.585,0.0
2014-06-20,0.337,0.0
2014-06-23,-0.667,0.0
2014-06-24,0.0,0.0
2014-06-25,0.0,0.0
2014-06-26,0.0,0.0
2014-06-27,0.0,0.0
2014-06-30,0.0,0.0
2014-07-01,0.0,0.0
2014-07-02,0.348,0.0
2014-07-03,0.0,0.0
2014-07-04,0.0,0.0
2014-07-07,-0.616,0.0
2014-07-08,0.0,0.0
2014-07-09,0.0,0.0
2014-07-10,0.0,0.0
2014-07-11,0.0,-0.49
2014-07-14,0.0,0.0
2014-07-15,0.549,0.0
2014-07-16,0.0,0.0
2014-07-17,0.0,0.0
2014-07-18,0.0,0.0
2014-07-21,0.0,0.0
2014-07-22,0.0,0.0
2014-07-23,0.0,0.0
2014-07-24,0.0,0.0
2014-07-25,0.0,0.0
2014-07-28,0.0,0.0
2014-07-29,0.0,0.0
2014-07-30,0.0,0.0
2014-07-31,0.0,0.0
2014-08-01,0.0,0.0
2014-08-04,0.0,0.0
2014-08-05,-0.476,0.0
2014-08-06,0.0,0.0
2014-08-07,0.0,0.0
2014-08-08,0.0,0.0
2014-08-11,0.467,0.0
2014-08-12,0.0,0.0
2014-08-13,0.0,0.0
2014-08-14,-0.557,0.0
2014-08-15,0.0,0.475
2014-08-18,0.0,0.0
2014-08-19,0.0,0.0
2014-08-20,0.0,0.0
2014-08-21,0.0,0.0
2014-08-22,0.0,0.0
2014-08-25,0.0,0.0
2014-08-26,0.0,0.0
2014-08-27,0.0,0.0
2014-08-28,0.0,0.0
2014-08-29,0.477,0.0
2014-09-01,0.0,0.0
2014-09-02,0.0,0.0
2014-09-03,0.0,0.0
2014-09-04,0.0,0.0
2014-09-05,0.0,0.0
2014-09-09,-0.657,0.0
2014-09-10,0.0,0.0
2014-09-11,0.0,0.0
2014-09-12,0.0,-0.556
2014-09-15,0.0,0.0
2014-09-16,0.0,0.0
2014-09-17,0.0,0.0
2014-09-18,0.0,0.0
2014-09-19,0.487,0.0
2014-09-22,0.0,0.0
2014-09-23,0.0,0.0
2014-09-24,0.0,0.0
2014-09-25,0.0,0.0
2014-09-26,0.0,0.378
2014-09-29,0.0,0.0
2014-09-30,0.0,-0.623
2014-10-08,-0.665,0.0
2014-10-09,0.0,0.0
2014-10-10,0.0,0.0
2014-10-13,0.0,0.0
2014-10-14,0.0,0.0
2014-10-15,0.0,0.0
2014-10-16,0.0,0.0
2014-10-17,0.0,0.0
2014-10-20,0.372,0.0
2014-10-21,0.0,0.0
2014-10-22,0.0,0.0
2014-10-23,0.0,0.0
2014-10-24,-0.495,0.0
2014-10-27,0.0,0.0
2014-10-28,0.427,0.0
2014-10-29,0.0,0.0
2014-10-30,0.0,0.0
2014-10-31,-0.498,0.0
2014-11-03,0.498,0.0
2014-11-04,-0.451,0.0
2014-11-05,0.0,0.0
2014-11-06,0.502,0.0
2014-11-11,0.0,0.0
2014-11-12,0.0,0.0
2014-11-13,-0.424,0.0
2014-11-14,0.59,0.0
2014-11-17,0.0,0.0
2014-11-18,0.0,0.0
2014-11-19,0.0,0.0
2014-11-20,0.0,0.0
2014-11-21,0.0,0.0
2014-11-24,0.0,0.0
2014-11-25,0.0,0.0
2014-11-26,0.0,0.0
2014-11-27,-0.519,0.0
2014-11-28,0.414,0.412
2014-12-01,-0.566,0.0
2014-12-02,0.0,0.0
2014-12-03,0.0,0.0
2014-12-04,0.0,0.0
2014-12-05,0.0,-0.531
2014-12-08,0.0,0.0
2014-12-09,0.0,0.0
2014-12-10,0.52,0.0
2014-12-11,0.0,0.0
2014-12-12,0.0,0.444
2014-12-15,0.0,0.0
2014-12-16,0.0,0.0
2014-12-17,-0.534,0.0
2014-12-18,0.0,0.0
2014-12-19,0.0,-0.527
2014-12-22,0.0,0.0
2014-12-23,0.0,0.0
2014-12-24,0.527,0.0
2014-12-25,0.0,0.0
2014-12-26,0.0,0.0
2014-12-29,0.0,0.0
2014-12-30,-0.334,0.0
2014-12-31,0.638,0.0
2015-01-05,0.0,0.0
2015-01-06,0.0,0.0
2015-01-07,0.0,0.0
2015-01-08,0.0,0.0
2015-01-09,0.0,0.0
2015-01-12,0.0,0.0
2015-01-13,0.0,0.0
2015-01-14,0.0,0.0
2015-01-15,0.0,0.0
2015-01-16,0.0,0.482
2015-01-19,0.0,0.0
2015-01-20,0.0,0.0
2015-01-21,0.0,0.0
2015-01-22,0.0,0.0
2015-01-23,-0.699,0.0
2015-01-26,0.0,0.0
2015-01-27,0.0,0.0
2015-01-28,0.0,0.0
2015-01-29,0.0,0.0
2015-01-30,0.0,0.0
2015-02-02,0.0,0.0
2015-02-03,0.0,0.0
2015-02-04,0.0,0.0
2015-02-05,0.37,0.0
2015-02-06,-0.541,0.0
2015-02-09,0.0,0.0
2015-02-10,0.418,0.0
2015-02-11,0.0,0.0
2015-02-12,0.0,0.0
2015-02-13,0.0,0.0
2015-02-16,0.0,0.0
2015-02-17,0.0,0.0
2015-02-25,-0.643,0.0
2015-02-26,0.0,0.0
2015-02-27,0.0,0.0
2015-03-02,0.0,0.0
2015-03-03,0.0,0.0
2015-03-04,0.281,0.0
2015-03-05,0.0,0.0
2015-03-06,-0.599,-0.697
2015-03-09,0.0,0.0
2015-03-10,0.0,0.0
2015-03-11,0.0,0.0
2015-03-12,0.0,0.0
2015-03-13,0.358,0.271
2015-03-16,0.0,0.0
2015-03-17,0.0,0.0
2015-03-18,0.0,0.0
2015-03-19,0.0,0.0
2015-03-20,-0.662,0.0
2015-03-23,0.0,0.0
2015-03-24,0.265,0.0
2015-03-25,0.0,0.0
2015-03-26,-0.646,0.0
2015-03-27,0.0,0.0
2015-03-30,0.0,0.0
2015-03-31,0.0,0.0
2015-04-01,0.246,0.0
2015-04-02,0.0,0.0
2015-04-03,0.0,0.0
2015-04-07,0.0,0.0
2015-04-08,-0.74,0.0
2015-04-09,0.0,0.0
2015-04-10,0.0,0.0
2015-04-13,0.188,0.0
2015-04-28,0.0,0.0
2015-04-29,-0.779,0.0
2015-04-30,0.0,0.0
2015-05-04,0.0,0.0
2015-05-05,0.0,0.0
2015-05-06,0.0,0.0
2015-05-07,0.0,0.0
2015-05-08,0.31,-0.881
2015-05-11,0.0,0.0
2015-05-12,0.0,0.0
2015-05-13,0.0,0.0
2015-05-14,0.0,0.0
2015-05-15,-0.652,0.0
2015-05-18,0.292,0.0
2015-05-19,0.0,0.0
2015-05-20,0.0,0.0
2015-05-21,0.0,0.0
2015-05-22,0.0,0.0
2015-05-25,0.0,0.0
2015-05-26,0.0,0.0
2015-05-27,-0.691,0.0
2015-05-28,0.0,0.0
2015-05-29,0.0,0.0
2015-06-01,0.0,0.0
2015-06-02,0.343,0.0
2015-06-03,0.0,0.0
2015-06-04,0.0,0.0
2015-06-05,0.0,0.0
2015-06-08,-0.483,0.0
2015-06-09,0.0,0.0
2015-06-10,0.48,0.0
2015-06-11,0.0,0.0
2015-06-12,0.0,0.0
2015-06-15,0.0,0.0
2015-06-16,0.0,0.0
2015-06-17,0.0,0.0
2015-06-18,0.0,0.0
2015-06-19,0.0,0.0
2015-06-23,0.0,0.0
2015-06-24,0.0,0.0
2015-06-25,0.0,0.0
2015-06-26,0.0,0.0
2015-06-29,0.0,0.0
2015-06-30,0.0,0.0
2015-07-01,0.0,0.0
2015-07-02,0.0,0.0
2015-07-03,0.0,0.0
2015-07-06,0.0,0.0
2015-07-07,0.0,0.0
2015-07-13,0.0,0.0
2015-07-14,0.0,0.0
2015-07-15,0.0,0.0
2015-07-16,-0.413,0.0
2015-07-17,0.526,0.473
2015-07-20,0.0,0.0
2015-07-21,-0.491,0.0
2015-07-22,0.0,0.0
2015-07-23,0.0,0.0
2015-07-24,0.0,0.0
2015-07-27,0.0,0.0
2015-07-28,0.0,0.0
2015-07-29,0.0,0.0
2015-07-30,0.0,0.0
2015-07-31,0.0,0.0
2015-08-03,0.0,0.0
2015-08-04,0.522,0.0
2015-08-05,0.0,0.0
2015-08-06,-0.444,0.0
2015-08-07,0.517,0.0
2015-08-10,0.0,0.0
2015-08-11,0.0,0.0
2015-08-12,-0.481,0.0
2015-08-13,0.47,0.0
2015-08-14,-0.509,0.0
2015-08-17,0.0,0.0
2015-08-18,0.0,0.0
2015-08-19,0.0,0.0
2015-08-20,0.0,0.0
2015-08-21,0.0,0.0
2015-08-24,0.0,0.0
2015-08-25,0.0,0.0
2015-08-26,0.0,0.0
2015-08-27,0.0,0.0
2015-08-28,0.63,-0.407
2015-08-31,0.0,0.0
2015-09-01,0.0,0.0
2015-09-02,0.0,0.0
2015-09-07,0.0,0.0
2015-09-08,0.0,0.0
2015-09-09,0.0,0.0
2015-09-10,0.0,0.0
2015-09-11,0.0,0.568
2015-09-14,-0.384,0.0
2015-09-15,0.0,0.0
2015-09-16,0.0,0.0
2015-09-17,0.0,0.0
2015-09-18,0.0,0.0
2015-09-21,0.541,0.0
2015-09-22,0.0,0.0
2015-09-23,0.0,0.0
2015-09-24,-0.471,0.0
2015-09-25,0.0,0.0
2015-09-28,0.0,0.0
2015-09-29,0.0,0.0
2015-09-30,0.0,0.0
2015-10-08,0.0,0.0
2015-10-09,0.458,0.0
2015-10-12,0.0,0.0
2015-10-13,0.0,0.0
2015-10-14,-0.56,0.0
2015-10-15,0.0,0.0
2015-10-16,0.0,0.0
2015-10-19,0.0,0.0
2015-10-20,0.0,0.0
2015-10-21,0.0,0.0
2015-10-22,0.0,0.0
2015-10-23,0.0,0.0
2015-10-26,0.0,0.0
2015-10-27,0.0,0.0
2015-10-28,0.0,0.0
2015-10-29,0.0,0.0
2015-10-30,0.0,0.0
2015-11-02,0.0,0.0
2015-11-03,0.0,0.0
2015-11-04,0.396,0.0
2015-11-05,0.0,0.0
2015-11-06,0.0,0.0
2015-11-09,0.0,0.0
2015-11-10,0.0,0.0
2015-11-11,0.0,0.0
2015-11-12,-0.579,0.0
2015-11-13,0.0,-0.533
2015-11-16,0.0,0.0
2015-11-17,0.0,0.0
2015-11-18,0.0,0.0
2015-11-19,0.411,0.0
2015-11-20,0.0,0.0
2015-11-23,0.0,0.0
2015-11-24,0.0,0.0
2015-11-25,0.0,0.0
2015-11-26,-0.504,0.0
2015-11-27,0.0,0.0
2015-11-30,0.0,0.0
2015-12-01,0.556,0.0
2015-12-02,0.0,0.0
2015-12-03,0.0,0.0
2015-12-04,0.0,0.0
2015-12-07,0.0,0.0
2015-12-08,0.0,0.0
2015-12-09,0.0,0.0
2015-12-10,0.0,0.0
2015-12-11,0.0,0.0
2015-12-14,0.0,0.0
2015-12-15,0.0,0.0
2015-12-16,0.0,0.0
2015-12-17,0.0,0.0
2015-12-18,0.0,0.0
2015-12-21,0.0,0.0
2015-12-22,-0.55,0.0
2015-12-23,0.0,0.0
2015-12-24,0.0,0.0
2015-12-25,0.0,0.0
2015-12-28,0.0,0.0
2015-12-29,0.0,0.0
2015-12-30,0.437,0.0
2015-12-31,-0.502,0.0
2016-01-04,0.0,0.0
2016-01-05,0.0,0.0
2016-01-06,0.0,0.0
2016-01-07,0.0,0.0
2016-01-08,0.0,0.0
2016-01-11,0.0,0.0
2016-01-12,0.733,0.0
2016-01-13,0.0,0.0
2016-01-14,0.0,0.0
2016-01-15,0.0,0.0
2016-01-18,0.0,0.0
2016-01-19,0.0,0.0
2016-01-20,0.0,0.0
2016-01-21,-0.332,0.0
2016-01-22,0.0,0.0
2016-01-25,0.623,0.0
2016-01-26,-0.322,0.0
2016-01-27,0.0,0.0
2016-01-28,0.0,0.0
2016-01-29,0.634,0.0
2016-02-01,0.0,0.0
2016-02-02,0.0,0.0
2016-02-03,0.0,0.0
2016-02-04,0.0,0.0
2016-02-05,-0.44,0.597
2016-02-15,0.461,0.0
2016-02-16,0.0,0.0
2016-02-17,-0.581,0.0
2016-02-18,0.0,0.0
2016-02-19,0.0,0.0
2016-02-22,0.0,0.0
2016-02-23,0.0,0.0
2016-02-24,0.0,0.0
2016-02-25,0.0,0.0
2016-02-26,0.0,0.0
2016-02-29,0.0,0.0
2016-03-01,0.0,0.0
2016-03-02,0.528,0.0
2016-03-03,0.0,0.0
2016-03-04,0.0,0.0
2016-03-07,0.0,0.0
2016-03-08,0.0,0.0
2016-03-09,0.0,0.0
2016-03-10,0.0,0.0
2016-03-11,-0.452,0.0
2016-03-14,0.476,0.0
2016-03-15,-0.498,0.0
2016-05-18,0.466,0.0
2016-05-19,-0.508,0.0
2016-05-20,0.0,0.0
2016-05-23,0.0,0.0
2016-05-24,0.0,0.0
2016-05-25,0.0,0.0
2016-05-26,0.0,0.0
2016-05-27,0.0,0.0
2016-05-30,0.0,0.0
2016-05-31,0.451,0.0
2016-06-01,0.0,0.0
2016-06-02,0.0,0.0
2016-06-03,0.0,0.0
2016-06-06,0.0,0.0
2016-06-07,-0.641,0.0
2016-06-08,0.0,0.0
2016-06-13,0.0,0.0
2016-06-14,0.0,0.0
2016-06-15,0.0,0.0
2016-06-16,0.0,0.0
2016-06-17,0.0,0.0
2016-06-20,0.0,0.0
2016-06-21,0.0,0.0
2016-06-22,0.423,0.0
2016-06-23,-0.56,0.0
2016-06-24,0.0,-0.506
2016-06-27,0.446,0.0
2016-06-28,0.0,0.0
2016-06-29,0.0,0.0
2016-06-30,0.0,0.0
2016-07-01,0.0,0.0
2016-07-04,0.0,0.0
2016-07-05,-0.568,0.0
2016-07-06,0.0,0.0
2016-07-07,0.0,0.0
2016-07-08,0.0,0.0
2016-07-11,0.0,0.0
2016-07-12,0.504,0.0
2016-07-13,0.0,0.0
2016-07-14,0.0,0.0
2016-07-15,0.0,0.0
2016-07-18,0.0,0.0
2016-07-19,0.0,0.0
2016-07-20,0.0,0.0
2016-07-28,-0.374,0.0
2016-07-29,0.0,0.0
2016-08-01,0.0,0.0
2016-08-02,0.655,0.0
2016-08-03,0.0,0.0
2016-08-04,0.0,0.0
2016-08-05,0.0,0.0
2016-08-08,0.0,0.0
2016-08-09,0.0,0.0
2016-08-10,0.0,0.0
2016-08-11,0.0,0.0
2016-08-12,0.0,0.0
2016-08-15,0.0,0.0
2016-08-16,0.0,0.0
2016-08-17,0.0,0.0
2016-08-18,0.0,0.0
2016-08-19,0.0,0.505
2016-08-22,-0.512,0.0
2016-08-23,0.0,0.0
2016-08-24,0.0,0.0
2016-08-25,0.0,0.0
2016-08-26,0.0,0.0
2016-08-29,0.0,0.0
2016-08-30,0.0,0.0
2016-08-31,0.0,0.0
2016-09-01,0.0,0.0
2016-09-02,0.0,0.0
2016-09-05,0.0,0.0
2016-09-06,0.475,0.0
2016-09-07,0.0,0.0
2016-09-08,0.0,0.0
2016-09-09,-0.451,0.0
2016-09-12,0.0,0.0
2016-09-13,0.0,0.0
2016-09-14,0.0,0.0
2016-09-19,0.57,0.0
2016-09-20,0.0,0.0
2016-09-21,0.0,0.0
2016-09-22,0.0,0.0
2016-09-23,0.0,0.0
2016-09-26,-0.349,0.0
2016-09-27,0.618,0.0
2016-09-28,0.0,0.0
2016-09-29,0.0,0.0
2016-09-30,0.0,-0.436
2016-10-10,0.0,0.0
2016-10-11,0.0,0.0
2016-10-12,0.0,0.0
2016-10-13,0.0,0.0
2016-10-14,-0.5,0.531
2016-10-17,0.0,0.0
2016-10-18,0.0,0.0
2016-10-19,0.0,0.0
2016-10-20,0.374,0.0
2016-10-21,-0.569,0.0
2016-10-24,0.361,0.0
2016-10-25,0.0,0.0
2016-10-26,-0.573,0.0
2016-10-27,0.0,0.0
2016-10-28,0.0,0.0
2016-10-31,0.0,0.0
2016-11-01,0.0,0.0
2016-11-02,0.0,0.0
2016-11-03,0.454,0.0
2016-11-04,-0.502,0.0
2016-11-07,0.0,0.0
2016-11-08,0.497,0.0
2016-11-09,-0.44,0.0
2016-11-10,0.498,0.0
2016-11-11,0.0,0.0
2016-11-14,0.0,0.0
2016-11-15,0.0,0.0
2016-11-16,0.0,0.0
2016-11-17,-0.517,0.0
2016-11-18,0.0,0.0
2016-11-21,0.0,0.0
2016-11-22,0.0,0.0
2016-11-23,0.0,0.0
2016-11-24,0.0,0.0
2016-11-25,0.0,-0.491
2016-11-28,0.0,0.0
2016-11-29,0.0,0.0
2016-11-30,0.534,0.0
2016-12-01,0.0,0.0
2016-12-02,0.0,0.0
2016-12-05,0.0,0.0
2016-12-06,0.0,0.0
2016-12-07,0.0,0.0
2016-12-08,0.0,0.0
2016-12-09,0.0,0.0
2016-12-12,-0.265,0.0
2016-12-13,0.695,0.0
2016-12-14,0.0,0.0
2016-12-15,0.0,0.0
2016-12-16,0.0,0.0
2016-12-19,0.0,0.0
2016-12-20,0.0,0.0
2016-12-21,0.0,0.0
2016-12-22,0.0,0.0
2016-12-23,-0.302,0.0
2016-12-26,0.0,0.0
2016-12-27,0.687,0.0
2016-12-28,0.0,0.0
2016-12-29,0.0,0.0
2016-12-30,0.0,0.623
2017-01-03,0.0,0.0
2017-01-04,0.0,0.0
2017-01-05,0.0,0.0
2017-01-06,-0.477,0.0
2017-01-09,0.0,0.0
2017-01-10,0.0,0.0
2017-01-11,0.0,0.0
2017-01-12,0.0,0.0
2017-01-13,0.0,0.0
2017-01-16,0.0,0.0
2017-01-17,0.0,0.0
2017-01-18,0.0,0.0
2017-01-19,0.0,0.0
2017-01-20,0.592,0.0
2017-01-23,0.0,0.0
2017-01-24,0.0,0.0
2017-01-25,0.0,0.0
2017-01-26,0.0,0.0
2017-02-03,0.0,0.0
2017-02-06,0.0,0.0
2017-02-07,0.0,0.0
2017-02-08,0.0,0.0
2017-02-09,-0.702,0.0
2017-02-10,0.0,0.0
2017-02-13,0.0,0.0
2017-02-14,0.0,0.0
2017-02-15,0.0,0.0
2017-02-16,0.0,0.0
2017-02-17,0.0,0.0
2017-02-20,0.0,0.0
2017-02-21,0.333,0.0
2017-02-22,0.0,0.0
2017-02-23,-0.624,0.0
2017-02-24,0.0,0.0
2017-02-27,0.325,0.0
2017-02-28,-0.63,0.0
2017-03-01,0.0,0.0
2017-03-02,0.0,0.0
2017-03-03,0.0,0.0
2017-03-06,0.313,0.0
2017-03-07,0.0,0.0
2017-03-08,0.0,0.0
2017-03-09,0.0,0.0
2017-03-10,0.0,0.0
2017-03-13,-0.744,0.0
2017-03-14,0.0,0.0
2017-03-15,0.0,0.0
2017-03-16,0.0,0.0
2017-03-17,0.0,-0.667
2017-03-20,0.0,0.0
2017-03-21,0.322,0.0
2017-03-22,0.0,0.0
2017-03-23,0.0,0.0
2017-03-24,0.0,0.0
2017-03-27,0.0,0.0
2017-03-28,-0.625,0.0
2017-03-29,0.0,0.0
2017-03-30,0.0,0.0
2017-03-31,0.0,0.0
2017-04-05,0.363,0.0
2017-04-06,0.0,0.0
2017-04-07,0.0,0.0
2017-04-10,-0.446,0.0
2017-04-11,0.0,0.0
2017-04-12,0.0,0.0
2017-04-13,0.553,0.0
2017-04-14,0.0,0.0
2017-04-17,0.0,0.0
2017-04-18,0.0,0.0
2017-04-19,0.0,0.0
2017-04-20,0.0,0.0
2017-04-21,0.0,0.0
2017-04-24,0.0,0.0
2017-04-25,0.0,0.0
2017-04-26,0.0,0.0
2017-04-27,0.0,0.0
2017-04-28,0.0,0.0
2017-05-02,0.0,0.0
2017-05-03,0.0,0.0
2017-05-04,-0.411,0.0
2017-05-05,0.0,0.0
2017-05-08,0.0,0.0
2017-05-09,0.0,0.0
2017-05-10,0.0,0.0
2017-05-11,0.0,0.0
2017-05-12,0.696,0.0
2017-05-15,0.0,0.0
2017-05-16,0.0,0.0
2017-05-17,0.0,0.0
2017-05-18,0.0,0.0
2017-05-19,0.0,0.0
2017-05-22,-0.411,0.0
2017-05-23,0.0,0.0
2017-05-24,0.0,0.0
2017-05-25,0.524,0.0
2017-05-26,0.0,0.523
2017-05-31,0.0,0.0
2017-06-01,-0.472,0.0
2017-06-02,0.498,0.0
2017-06-05,-0.507,0.0
2017-06-06,0.0,0.0
2017-06-07,0.0,0.0
2017-06-08,0.0,0.0
2017-06-09,0.0,0.0
2017-06-12,0.0,0.0
2017-06-13,0.0,0.0
2017-06-14,0.0,0.0
2017-06-15,0.0,0.0
2017-06-16,0.0,0.0
2017-06-19,0.0,0.0
2017-06-20,0.0,0.0
2017-06-21,0.0,0.0
2017-06-22,0.0,0.0
2017-06-23,0.0,0.0
2017-06-26,0.208,0.0
2017-06-27,0.0,0.0
2017-06-28,0.0,0.0
2017-06-29,0.0,0.0
2017-06-30,-0.837,0.0
2017-07-03,0.0,0.0
2017-07-04,0.0,0.0
2017-07-05,0.0,0.0
2017-07-06,0.0,0.0
2017-07-07,0.0,0.0
2017-07-10,0.0,0.0
2017-07-11,0.0,0.0
2017-07-12,0.0,0.0
2017-07-13,0.0,0.0
2017-07-14,0.0,-0.636
2017-07-17,0.405,0.0
2017-07-18,0.0,0.0
2017-07-19,0.0,0.0
2017-07-20,0.0,0.0
2017-07-21,0.0,0.282
2017-07-24,0.0,0.0
2017-07-25,-0.622,0.0
2017-07-26,0.0,0.0
2017-07-27,0.282,0.0
2017-07-28,-0.657,0.0
2017-07-31,0.0,0.0
2017-08-01,0.319,0.0
2017-08-02,0.0,0.0
2017-08-03,-0.566,0.0
2017-08-04,0.0,-0.687
2017-08-07,0.0,0.0
2017-08-08,0.364,0.0
2017-08-09,0.0,0.0
2017-08-10,0.0,0.0
2017-08-11,0.0,0.0
2017-08-14,0.0,0.0
2017-08-15,0.0,0.0
2017-08-16,0.0,0.0
2017-08-17,0.0,0.0
2017-08-18,0.0,0.199
2017-08-21,0.0,0.0
2017-08-22,-0.742,0.0
2017-08-23,0.0,0.0
2017-08-24,0.0,0.0
2017-08-25,0.0,0.0
2017-08-28,0.0,0.0
2017-08-29,0.0,0.0
2017-08-30,0.0,0.0
2017-08-31,0.415,0.0
2017-09-01,0.0,-0.734
2017-09-04,0.0,0.0
2017-09-05,0.0,0.0
2017-09-06,0.0,0.0
2017-09-07,0.0,0.0
2017-09-08,-0.503,0.0
2017-09-11,0.0,0.0
2017-09-12,0.482,0.0
2017-09-13,0.0,0.0
2017-09-14,0.0,0.0
2017-09-15,0.0,0.0
2017-09-18,0.0,0.0
2017-09-19,0.0,0.0
2017-09-20,0.0,0.0
2017-09-21,0.0,0.0
2017-09-22,0.0,0.0
2017-09-25,0.0,0.0
2017-09-26,0.0,0.0
2017-09-27,0.0,0.0
2017-09-28,0.0,0.0
2017-09-29,0.0,0.0
2017-10-09,0.0,0.0
2017-10-10,0.0,0.0
2017-10-11,0.0,0.0
2017-10-12,-0.508,0.0
2017-10-13,0.0,0.0
2017-10-16,0.0,0.0
2017-10-17,0.0,0.0
2017-10-18,0.0,0.0
2017-10-19,0.0,0.0
2017-10-20,0.599,0.0
2017-10-23,0.0,0.0
2017-10-24,0.0,0.0
2017-10-25,0.0,0.0
2017-10-26,0.0,0.0
2017-10-27,0.0,0.0
2017-10-30,0.0,0.0
2017-10-31,0.0,0.0
2017-11-01,0.0,0.0
2017-11-02,0.0,0.0
2017-11-03,0.0,0.358
2017-11-06,0.0,0.0
2017-11-07,-0.692,0.0
2017-11-08,0.0,0.0
2017-11-09,0.0,0.0
2017-11-10,0.0,0.0
2017-11-13,0.0,0.0
2017-11-14,0.0,0.0
2017-11-15,0.0,0.0
2017-11-16,0.0,0.0
2017-11-17,0.0,0.0
2017-11-20,0.0,0.0
2017-11-21,0.0,0.0
2017-11-22,0.0,0.0
2017-11-23,0.0,0.0
2017-11-24,0.0,0.0
2017-11-27,0.0,0.0
2017-11-28,0.0,0.0
2017-11-29,0.406,0.0
2017-11-30,0.0,0.0
2017-12-01,0.0,0.0
2017-12-04,0.0,0.0
2017-12-05,-0.494,0.0
2017-12-06,0.0,0.0
2017-12-07,0.0,0.0
2017-12-08,0.0,-0.589
2017-12-11,0.513,0.0
2017-12-12,0.0,0.0
2017-12-13,0.0,0.0
2017-12-14,0.0,0.0
2017-12-15,0.0,0.0
2017-12-18,0.0,0.0
2017-12-19,0.0,0.0
2017-12-20,0.0,0.0
2017-12-21,0.0,0.0
2017-12-22,0.0,0.0
2017-12-25,0.0,0.0
2017-12-26,0.0,0.0
2017-12-27,-0.44,0.0
2017-12-28,0.0,0.0
2017-12-29,0.569,0.0
2018-01-02,0.0,0.0
2018-01-03,0.0,0.0
2018-01-04,0.0,0.0
2018-01-05,0.0,0.407
2018-01-08,0.0,0.0
2018-01-09,-0.501,0.0
2018-01-10,0.0,0.0
2018-01-11,0.379,0.0
2018-01-12,0.0,0.0
2018-01-15,0.0,0.0
2018-01-16,0.0,0.0
2018-01-17,-0.479,0.0
2018-01-18,0.0,0.0
2018-01-19,0.0,0.0
2018-01-22,0.0,0.0
2018-01-23,0.0,0.0
2018-01-24,0.491,0.0
2018-01-25,0.0,0.0
2018-01-26,0.0,0.0
2018-01-29,0.0,0.0
2018-01-30,0.0,0.0
2018-01-31,-0.322,0.0
2018-02-01,0.0,0.0
2018-02-02,0.705,-0.468
2018-02-05,0.0,0.0
2018-02-06,0.0,0.0
2018-02-07,0.0,0.0
2018-02-08,0.0,0.0
2018-02-09,0.0,0.0
2018-02-12,0.0,0.0
2018-02-13,0.0,0.0
2018-02-14,0.0,0.0
2018-02-22,0.0,0.0
2018-02-23,0.0,0.514
2018-02-26,0.0,0.0
2018-02-27,-0.507,0.0
2018-02-28,0.0,0.0
2018-03-01,0.0,0.0
2018-03-02,0.0,0.0
2018-03-05,0.0,0.0
2018-03-06,0.0,0.0
2018-03-07,0.0,0.0
2018-03-08,0.0,0.0
2018-03-09,0.0,0.0
2018-03-12,0.0,0.0
2018-03-13,0.0,0.0
2018-03-14,0.0,0.0
2018-03-15,0.0,0.0
2018-03-16,0.0,0.0
2018-03-19,0.0,0.0
2018-03-20,0.0,0.0
2018-03-21,0.0,0.0
2018-03-22,0.0,0.0
2018-03-23,0.0,0.0
2018-03-26,0.0,0.0
2018-03-27,0.454,0.0
2018-03-28,0.0,0.0
2018-03-29,0.0,0.0
2018-03-30,0.0,0.0
2018-04-02,0.0,0.0
2018-04-03,-0.518,0.0
2018-04-04,0.0,-0.513
2018-04-09,0.0,0.0
2018-04-10,0.0,0.0
2018-04-11,0.512,0.0
2018-04-12,-0.452,0.0
2018-04-13,0.541,0.0
2018-04-16,0.0,0.0
2018-04-17,0.0,0.0
2018-04-18,0.0,0.0
2018-04-19,0.0,0.0
2018-04-20,0.0,0.0
2018-04-23,0.0,0.0
2018-04-24,0.0,0.0
2018-04-25,0.0,0.0
2018-04-26,-0.423,0.0
2018-04-27,0.0,0.0
2018-05-02,0.0,0.0
2018-05-03,0.577,0.0
2018-05-04,0.0,0.516
2018-05-07,0.0,0.0
2018-05-08,0.0,0.0
2018-05-09,0.0,0.0
2018-05-10,0.0,0.0
2018-05-11,-0.466,0.0
2018-05-14,0.454,0.0
2018-05-15,0.0,0.0
2018-05-16,-0.522,0.0
2018-05-17,0.0,0.0
2018-05-18,0.0,0.0
2018-05-21,0.0,0.0
2018-05-22,0.0,0.0
2018-05-23,0.0,0.0
2018-05-24,0.0,0.0
2018-05-25,0.0,0.0
2018-05-28,0.0,0.0
2018-05-29,0.0,0.0
2018-05-30,0.0,0.0
2018-05-31,0.554,0.0
2018-06-01,0.0,0.0
2018-06-04,0.0,0.0
2018-06-05,0.0,0.0
2018-06-06,0.0,0.0
2018-06-07,-0.49,0.0
2018-06-08,0.0,0.0
2018-06-11,0.0,0.0
2018-06-12,0.0,0.0
2018-06-13,0.0,0.0
2018-06-14,0.0,0.0
2018-06-15,0.592,0.0
2018-06-19,-0.275,0.0
2018-06-20,0.0,0.0
2018-06-21,0.0,0.0
2018-06-22,0.736,-0.388
2018-06-25,0.0,0.0
2018-06-26,0.0,0.0
2018-06-27,0.0,0.0
2018-06-28,0.0,0.0
2018-06-29,0.0,0.0
2018-07-02,0.0,0.0
2018-07-03,0.0,0.0
2018-07-04,0.0,0.0
2018-07-05,-0.37,0.0
2018-07-06,0.0,0.601
2018-07-09,0.0,0.0
2018-07-10,0.0,0.0
2018-07-11,0.0,0.0
2018-07-12,0.518,0.0
2018-07-13,0.0,0.0
2018-07-16,-0.482,0.0
2018-07-17,0.0,0.0
2018-07-18,0.0,0.0
2018-07-19,0.0,0.0
2018-07-20,0.0,0.0
2018-07-23,0.0,0.0
2018-07-24,0.481,0.0
2018-07-25,0.0,0.0
2018-07-26,-0.482,0.0
2018-07-27,0.0,0.0
2018-07-30,0.0,0.0
2018-07-31,0.0,0.0
2018-08-01,0.0,0.0
2018-08-02,0.0,0.0
2018-08-03,0.0,0.0
2018-08-06,0.0,0.0
2018-08-07,0.682,0.0
2018-08-08,0.0,0.0
2018-08-09,0.0,0.0
2018-08-10,0.0,0.0
2018-08-13,0.0,0.0
2018-08-14,0.0,0.0
2018-08-15,0.0,0.0
2018-08-16,-0.435,0.0
2018-08-17,0.0,0.0
2018-08-20,0.0,0.0
2018-08-21,0.0,0.0
2018-08-22,0.0,0.0
2018-08-23,0.0,0.0
2018-08-24,0.0,0.0
2018-08-27,0.495,0.0
2018-08-28,-0.491,0.0
2018-08-29,0.413,0.0
2018-08-30,0.0,0.0
2018-08-31,-0.546,0.0
2018-09-03,0.0,0.0
2018-09-04,0.0,0.0
2018-09-05,0.0,0.0
2018-09-06,0.0,0.0
2018-09-07,0.0,0.0
2018-09-10,0.0,0.0
2018-09-11,0.0,0.0
2018-09-12,0.0,0.0
2018-09-13,0.541,0.0
2018-09-14,0.0,0.0
2018-09-17,0.0,0.0
2018-09-18,0.0,0.0
2018-09-19,0.0,0.0
2018-09-20,0.0,0.0
2018-09-21,0.0,0.0
2018-09-25,-0.418,0.0
2018-09-26,0.0,0.0
2018-09-27,0.0,0.0
2018-09-28,0.0,0.0
2018-10-08,0.0,0.0
2018-10-09,0.66,0.0
2018-10-10,0.0,0.0
2018-10-11,-0.236,0.0
2018-10-12,0.0,-0.307
2018-10-15,0.801,0.0
2018-10-16,0.0,0.0
2018-10-17,0.0,0.0
2018-10-18,0.0,0.0
2018-10-19,0.0,0.0
2018-10-22,0.0,0.0
2018-10-23,0.0,0.0
2018-10-24,0.0,0.0
2018-10-25,0.0,0.0
2018-10-26,-0.341,0.0
2018-10-29,0.0,0.0
2018-10-30,0.0,0.0
2018-10-31,0.0,0.0
2018-11-01,0.512,0.0
2018-11-02,0.0,0.617
2018-11-05,0.0,0.0
2018-11-06,-0.479,0.0
2018-11-07,0.0,0.0
2018-11-08,0.0,0.0
2018-11-09,0.0,0.0
2018-11-12,0.0,0.0
2018-11-13,0.0,0.0
2018-11-14,0.0,0.0
2018-11-15,0.0,0.0
2018-11-16,0.0,0.0
2018-11-19,0.0,0.0
2018-11-20,0.0,0.0
2018-11-21,0.0,0.0
2018-11-22,0.0,0.0
2018-11-23,0.0,0.0
2018-11-26,0.0,0.0
2018-11-27,0.0,0.0
2018-11-28,0.0,0.0
2018-11-29,0.0,0.0
2018-11-30,0.0,0.0
2018-12-03,0.455,0.0
2018-12-04,0.0,0.0
2018-12-05,-0.531,0.0
2018-12-06,0.0,0.0
2018-12-07,0.0,0.0
2018-12-10,0.0,0.0
2018-12-11,0.0,0.0
2018-12-12,0.543,0.0
2018-12-13,0.0,0.0
2018-12-14,0.0,-0.404
2018-12-17,0.0,0.0
2018-12-18,0.0,0.0
2018-12-19,-0.428,0.0
2018-12-20,0.0,0.0
2018-12-21,0.0,0.0
2018-12-24,0.578,0.0
2018-12-25,0.0,0.0
2018-12-26,0.0,0.0
2018-12-27,0.0,0.0
2018-12-28,0.0,0.0
2019-01-02,0.0,0.0
2019-01-03,0.0,0.0
2019-01-04,0.0,0.51
2019-01-07,0.0,0.0
2019-01-08,0.0,0.0
2019-01-09,-0.77,0.0
2019-01-10,0.0,0.0
2019-01-11,0.0,0.0
2019-01-14,0.0,0.0
2019-01-15,0.0,0.0
2019-01-16,0.0,0.0
2019-01-17,0.0,0.0
2019-01-18,0.0,0.0
2019-01-21,0.0,0.0
2019-01-22,0.0,0.0
2019-01-23,0.38,0.0
2019-01-24,0.0,0.0
2019-01-25,0.0,-0.516
2019-01-28,0.0,0.0
2019-01-29,0.0,0.0
2019-01-30,-0.428,0.0
2019-01-31,0.0,0.0
2019-02-01,0.44,0.0
2019-02-11,0.0,0.0
2019-02-12,0.0,0.0
2019-02-13,0.0,0.0
2019-02-14,0.0,0.0
2019-02-15,0.0,0.0
2019-02-18,0.0,0.0
2019-02-19,-0.621,0.0
2019-02-20,0.0,0.0
2019-02-21,0.0,0.0
2019-02-22,0.0,0.0
2019-02-25,0.304,0.0
2019-02-26,0.0,0.0
2019-02-27,0.0,0.0
2019-02-28,0.0,0.0
2019-03-01,-0.717,0.0
2019-03-04,0.0,0.0
2019-03-05,0.0,0.0
2019-03-06,0.0,0.0
2019-03-07,0.0,0.0
2019-03-08,0.0,0.0
2019-03-11,0.0,0.0
2019-03-12,0.0,0.0
2019-03-13,0.0,0.0
2019-03-14,0.0,0.0
2019-03-15,0.0,0.0
2019-03-18,0.0,0.0
2019-03-19,0.389,0.0
2019-03-20,0.0,0.0
2019-03-21,0.0,0.0
2019-03-22,0.0,0.0
2019-03-25,0.0,0.0
2019-03-26,0.0,0.0
2019-03-27,0.0,0.0
2019-03-28,0.0,0.0
2019-03-29,0.0,0.0
2019-04-01,0.0,0.0
2019-04-02,0.0,0.0
2019-04-03,0.0,0.0
2019-04-04,0.0,0.0
2019-04-08,-0.518,0.0
2019-04-09,0.0,0.0
2019-04-10,0.0,0.0
2019-04-11,0.0,0.0
2019-04-12,0.548,0.0
2019-04-15,0.0,0.0
2019-04-16,0.0,0.0
2019-04-17,0.0,0.0
2019-04-18,0.0,0.0
2019-04-19,0.0,0.0
2019-04-22,0.0,0.0
2019-04-23,0.0,0.0
2019-04-24,0.0,0.0
2019-04-25,0.0,0.0
2019-04-26,0.0,0.0
2019-04-29,0.0,0.0
2019-04-30,0.0,0.0
2019-05-06,-0.245,0.0
2019-05-07,0.0,0.0
2019-05-08,0.726,0.0
2019-05-09,0.0,0.0
2019-05-10,0.0,0.0
2019-05-13,0.0,0.0
2019-05-14,0.0,0.0
2019-05-15,0.0,0.0
2019-05-16,0.0,0.0
2019-05-17,0.0,0.0
2019-05-20,0.0,0.0
2019-05-21,0.0,0.0
2019-05-22,0.0,0.0
2019-05-23,-0.382,0.0
2019-05-24,0.0,0.0
2019-05-27,0.0,0.0
2019-05-28,0.0,0.0
2019-05-29,0.0,0.0
2019-05-30,0.0,0.0
2019-05-31,0.0,0.568
2019-06-03,0.6,0.0
2019-06-04,-0.384,0.0
2019-06-05,0.591,0.0
2019-06-06,-0.358,0.0
2019-06-10,0.603,0.0
2019-06-11,0.0,0.0
2019-06-12,0.0,0.0
2019-06-13,0.0,0.0
2019-06-14,-0.417,0.0
2019-06-17,0.0,0.0
2019-06-18,0.461,0.0
2019-06-19,0.0,0.0
2019-06-20,0.0,0.0
2019-06-21,0.0,0.0
2019-06-24,-0.595,0.0
2019-06-25,0.0,0.0
2019-06-26,0.0,0.0
2019-06-27,0.0,0.0
2019-06-28,0.0,0.0
2019-07-01,0.0,0.0
2019-07-02,0.0,0.0
2019-07-03,0.0,0.0
2019-07-04,0.0,0.0
2019-07-05,0.0,0.0
2019-07-08,0.0,0.0
2019-07-09,0.0,0.0
2019-07-10,0.0,0.0
2019-07-11,0.0,0.0
2019-07-12,0.457,0.0
2019-07-15,0.0,0.0
2019-07-16,0.0,0.0
2019-07-17,0.0,0.0
2019-07-18,-0.462,0.0
2019-07-19,0.0,0.0
2019-07-22,0.497,0.0
2019-07-23,0.0,0.0
2019-07-24,0.0,0.0
2019-07-25,0.0,0.0
2019-07-26,0.0,0.0
2019-07-29,0.0,0.0
2019-07-30,-0.512,0.0
2019-07-31,0.0,0.0
2019-08-01,0.0,0.0
2019-08-02,0.0,-0.508
2019-08-05,0.0,0.0
2019-08-06,0.0,0.0
2019-08-07,0.683,0.0
2019-08-08,0.0,0.0
2019-08-09,0.0,0.0
2019-08-12,0.0,0.0
2019-08-13,0.0,0.0
2019-08-14,0.0,0.0
2019-08-15,0.0,0.0
2019-08-16,0.0,0.0
2019-08-19,0.0,0.0
2019-08-20,0.0,0.0
2019-08-21,0.0,0.0
2019-08-22,-0.526,0.0
2019-08-23,0.0,0.486
2019-08-26,0.0,0.0
2019-08-27,0.388,0.0
2019-08-28,-0.607,0.0
2019-08-29,0.0,0.0
2019-08-30,0.0,0.0
2019-09-02,0.0,0.0
2019-09-03,0.0,0.0
2019-09-04,0.0,0.0
2019-09-05,0.0,0.0
2019-09-06,0.0,0.0
2019-09-09,0.306,0.0
2019-09-10,-0.624,0.0
2019-09-11,0.0,0.0
2019-09-12,0.0,0.0
2019-09-16,0.0,0.0
2019-09-17,0.0,0.0
2019-09-18,0.0,0.0
2019-09-19,0.488,0.0
2019-09-20,0.0,0.0
2019-09-23,0.0,0.0
2019-09-24,0.0,0.0
2019-09-25,0.0,0.0
2019-09-26,-0.427,0.0
2019-09-27,0.0,-0.511
2019-09-30,0.0,0.0
2019-10-08,0.0,0.0
2019-10-09,0.599,0.0
2019-10-10,0.0,0.0
2019-10-11,0.0,0.0
2019-10-14,0.0,0.0
2019-10-15,0.0,0.0
2019-10-16,0.0,0.0
2019-10-17,0.0,0.0
2019-10-18,-0.566,0.43
2019-10-21,0.0,0.0
2019-10-22,0.0,0.0
2019-10-23,0.0,0.0
2019-10-24,0.0,0.0
2019-10-25,0.0,-0.525
2019-10-28,0.0,0.0
2019-10-29,0.0,0.0
2019-10-30,0.0,0.0
2019-10-31,0.532,0.0
2019-11-01,0.0,0.469
2019-11-04,0.0,0.0
2019-11-05,0.0,0.0
2019-11-06,0.0,0.0
2019-11-07,0.0,0.0
2019-11-08,0.0,0.0
2019-11-11,-0.495,0.0
2019-11-12,0.0,0.0
2019-11-13,0.0,0.0
2019-11-14,0.484,0.0
2019-11-15,-0.451,-0.502
2019-11-18,0.0,0.0
2019-11-19,0.478,0.0
2019-11-20,0.0,0.0
2019-11-21,0.0,0.0
2019-11-22,0.0,0.0
2019-11-25,-0.466,0.0
2019-11-26,0.0,0.0
2019-11-27,0.0,0.0
2019-11-28,0.0,0.0
2019-11-29,0.0,0.0
2019-12-02,0.0,0.0
2019-12-03,0.56,0.0
2019-12-04,-0.396,0.0
2019-12-05,0.571,0.0
2019-12-06,0.0,0.0
2019-12-09,0.0,0.0
2019-12-10,0.0,0.0
2019-12-11,0.0,0.0
2019-12-12,0.0,0.0
2019-12-13,0.0,0.0
2019-12-16,0.0,0.0
2019-12-17,0.0,0.0
2019-12-18,0.0,0.0
2019-12-19,0.0,0.0
2019-12-20,-0.526,0.478
2019-12-23,0.0,0.0
2019-12-24,0.0,0.0
2019-12-25,0.0,0.0
2019-12-26,0.322,0.0
2019-12-27,-0.56,0.0
2019-12-30,0.0,0.0
2019-12-31,0.0,0.0
2020-01-02,0.0,0.0
2020-01-03,0.0,0.0
2020-01-06,0.317,0.0
2020-01-07,0.0,0.0
2020-01-08,-0.622,0.0
2020-01-09,0.0,0.0
2020-01-10,0.0,0.0
2020-01-13,0.0,0.0
2020-01-14,0.0,0.0
2020-01-15,0.0,0.0
2020-01-16,0.0,0.0
2020-01-17,0.0,0.0
2020-01-20,0.392,0.0
2020-01-21,-0.556,0.0
2020-01-22,0.393,0.0
2020-01-23,-0.486,-0.563
2020-02-03,0.0,0.0
2020-02-04,0.5,0.0
2020-02-05,0.0,0.0
2020-02-06,0.0,0.0
2020-02-07,0.0,0.339
2020-02-10,0.0,0.0
2020-02-11,0.0,0.0
2020-02-12,0.0,0.0
2020-02-13,-0.568,0.0
2020-02-14,0.0,-0.64
2020-02-17,0.397,0.0
2020-02-18,0.0,0.0
2020-02-19,-0.555,0.0
2020-02-20,0.0,0.0
2020-02-21,0.363,0.299
2020-02-24,0.0,0.0
2020-02-25,0.0,0.0
2020-02-26,-0.55,0.0
2020-02-27,0.0,0.0
2020-02-28,0.0,-0.6
2020-03-02,0.0,0.0
2020-03-03,0.369,0.0
2020-03-04,0.0,0.0
2020-03-05,0.0,0.0
2020-03-06,-0.564,0.0
2020-03-09,0.0,0.0
2020-03-10,0.0,0.0
2020-03-11,0.0,0.0
2020-03-12,0.0,0.0
2020-03-13,0.0,0.0
2020-03-16,0.0,0.0
2020-03-17,0.592,0.0
2020-03-18,0.0,0.0
2020-03-19,0.0,0.0
2020-03-20,0.0,0.0
2020-03-23,0.0,0.0
2020-03-24,0.0,0.0
2020-03-25,0.0,0.0
2020-03-26,0.0,0.0
2020-03-27,0.0,0.0
2020-03-30,0.0,0.0
2020-03-31,0.0,0.0
2020-04-01,0.0,0.0
2020-04-02,0.0,0.0
2020-04-03,0.0,0.0
2020-04-07,0.0,0.0
2020-04-08,0.0,0.0
2020-04-09,0.0,0.0
2020-04-10,-0.463,0.0
2020-04-13,0.0,0.0
2020-04-14,0.0,0.0
2020-04-15,0.0,0.0
2020-04-16,0.0,0.0
2020-04-17,0.0,0.0
2020-04-20,0.551,0.0
2020-04-21,0.0,0.0
2020-04-22,0.0,0.0
2020-04-23,0.0,0.0
2020-04-24,-0.397,0.548
2020-04-27,0.0,0.0
2020-04-28,0.0,0.0
2020-04-29,0.0,0.0
2020-04-30,0.591,0.0
2020-05-06,0.0,0.0
2020-05-07,0.0,0.0
2020-05-08,0.0,0.0
2020-05-11,0.0,0.0
2020-05-12,-0.466,0.0
2020-05-13,0.0,0.0
2020-05-14,0.0,0.0
2020-05-15,0.0,0.0
2020-05-18,0.0,0.0
2020-05-19,0.484,0.0
2020-05-20,0.0,0.0
2020-05-21,-0.409,0.0
2020-05-22,0.0,0.0
2020-05-25,0.0,0.0
2020-05-26,0.0,0.0
2020-05-27,0.0,0.0
2020-05-28,0.622,0.0
2020-05-29,0.0,0.0
2020-06-01,0.0,0.0
2020-06-02,0.0,0.0
2020-06-03,0.0,0.0
2020-06-04,0.0,0.0
2020-06-05,-0.499,0.0
2020-06-08,0.0,0.0
2020-06-09,0.0,0.0
2020-06-10,0.367,0.0
2020-06-11,-0.584,0.0
2020-06-12,0.0,0.0
2020-06-15,0.0,0.0
2020-06-16,0.0,0.0
2020-06-17,0.0,0.0
2020-06-18,0.0,0.0
2020-06-19,0.0,0.0
2020-06-22,0.0,0.0
2020-06-23,0.0,0.0
2020-06-24,0.0,0.0
2020-06-29,0.0,0.0
2020-06-30,0.0,0.0
2020-07-01,0.0,0.0
2020-07-02,0.0,0.0
2020-07-03,0.0,0.0
2020-07-06,0.0,0.0
2020-07-07,0.0,0.0
2020-07-08,0.0,0.0
2020-07-09,0.0,0.0
2020-07-10,0.0,0.0
2020-07-13,0.0,0.0
2020-07-14,0.0,0.0
2020-07-15,0.0,0.0
2020-07-16,0.0,0.0
2020-07-17,0.0,-0.542
2020-07-20,0.0,0.0
2020-07-21,0.481,0.0
2020-07-22,0.0,0.0
2020-07-23,0.0,0.0
2020-07-24,0.0,0.0
2020-07-27,0.0,0.0
2020-07-28,0.0,0.0
2020-07-29,0.0,0.0
2020-07-30,0.0,0.0
2020-07-31,0.0,0.0
2020-08-03,0.0,0.0
2020-08-04,0.0,0.0
2020-08-05,0.0,0.0
2020-08-06,0.0,0.0
2020-08-07,0.0,0.0
2020-08-10,-0.537,0.0
2020-08-11,0.0,0.0
2020-08-12,0.0,0.0
2020-08-13,0.0,0.0
2020-08-14,0.441,0.0
2020-08-17,0.0,0.0
2020-08-18,0.0,0.0
2020-08-19,0.0,0.0
2020-08-20,-0.489,0.0
2020-08-21,0.437,0.0
2020-08-24,-0.529,0.0
2020-08-25,0.0,0.0
2020-08-26,0.0,0.0
2020-08-27,0.0,0.0
2020-08-28,0.507,0.0
2020-08-31,0.0,0.0
2020-09-01,0.0,0.0
2020-09-02,0.0,0.0
2020-09-03,-0.47,0.0
2020-09-04,0.0,0.0
2020-09-07,0.0,0.0
2020-09-08,0.0,0.0
2020-09-09,0.0,0.0
2020-09-10,0.0,0.0
2020-09-11,0.644,0.0
2020-09-14,0.0,0.0
2020-09-15,0.0,0.0
2020-09-16,0.0,0.0
2020-09-17,0.0,0.0
2020-09-18,0.0,0.0
2020-09-21,0.0,0.0
2020-09-22,0.0,0.0
2020-09-23,0.0,0.0
2020-09-24,-0.368,0.0
2020-09-25,0.0,0.0
2020-09-28,0.0,0.0
2020-09-29,0.607,0.0
2020-09-30,0.0,0.0
2020-10-09,0.0,0.512
2020-10-12,0.0,0.0
2020-10-13,0.0,0.0
2020-10-14,0.0,0.0
2020-10-15,-0.507,0.0
2020-10-16,0.0,0.0
2020-10-19,0.0,0.0
2020-10-20,0.0,0.0
2020-10-21,0.0,0.0
2020-10-22,0.0,0.0
2020-10-23,0.0,0.0
2020-10-26,0.519,0.0
2020-10-27,0.0,0.0
2020-10-28,0.0,0.0
2020-10-29,0.0,0.0
2020-10-30,0.0,0.0
2020-11-02,0.0,0.0
2020-11-03,-0.747,0.0
2020-11-04,0.0,0.0
2020-11-05,0.0,0.0
2020-11-06,0.0,0.0
2020-11-09,0.0,0.0
2020-11-10,0.0,0.0
2020-11-11,0.0,0.0
2020-11-12,0.0,0.0
2020-11-13,0.0,0.0
2020-11-16,0.0,0.0
2020-11-17,0.0,0.0
2020-11-18,0.0,0.0
2020-11-19,0.0,0.0
2020-11-20,0.0,0.0
2020-11-23,0.416,0.0
2020-11-24,-0.465,0.0
2020-11-25,0.0,0.0
2020-11-26,0.568,0.0
2020-11-27,0.0,-0.529
2020-11-30,0.0,0.0
2020-12-01,0.0,0.0
2020-12-02,0.0,0.0
2020-12-03,0.0,0.0
2020-12-04,0.0,0.0
2020-12-07,0.0,0.0
2020-12-08,0.0,0.0
2020-12-09,0.0,0.0
2020-12-10,0.0,0.0
2020-12-11,0.0,0.0
2020-12-14,0.0,0.0
2020-12-15,0.0,0.0
2020-12-16,0.0,0.0
2020-12-17,0.0,0.0
2020-12-18,0.0,0.0
2020-12-21,0.0,0.0
2020-12-22,-0.492,0.0
2020-12-23,0.0,0.0
2020-12-24,0.0,0.0
2020-12-25,0.0,0.0
2020-12-28,0.0,0.0
2020-12-29,0.0,0.0
2020-12-30,0.546,0.0
2020-12-31,0.0,0.411
2021-01-04,0.0,0.0
2021-01-05,0.0,0.0
2021-01-06,0.0,0.0
2021-01-07,0.0,0.0
2021-01-08,-0.666,0.0
2021-01-11,0.0,0.0
2021-01-12,0.0,0.0
2021-01-13,0.0,0.0
2021-01-14,0.0,0.0
2021-01-15,0.0,0.0
2021-01-18,0.0,0.0
2021-01-19,0.0,0.0
2021-01-20,0.0,0.0
2021-01-21,0.215,0.0
2021-01-22,0.0,0.0
2021-01-25,-0.717,0.0
2021-01-26,0.0,0.0
2021-01-27,0.0,0.0
2021-01-28,0.0,0.0
2021-01-29,0.0,-0.625
2021-02-01,0.0,0.0
2021-02-02,0.374,0.0
2021-02-03,-0.473,0.0
2021-02-04,0.0,0.0
2021-02-05,0.0,0.0
2021-02-08,0.527,0.0
2021-02-09,0.0,0.0
2021-02-10,0.0,0.0
2021-02-18,0.0,0.0
2021-02-19,0.0,0.0
2021-02-22,0.0,0.0
2021-02-23,0.0,0.0
2021-02-24,-0.556,0.0
2021-02-25,0.0,0.0
2021-02-26,0.0,0.0
2021-03-01,0.0,0.0
2021-03-02,0.0,0.0
2021-03-03,0.477,0.0
2021-03-04,0.0,0.0
2021-03-05,0.0,0.0
2021-03-08,0.0,0.0
2021-03-09,0.0,0.0
2021-03-10,0.0,0.0
2021-03-11,0.0,0.0
2021-03-12,0.0,0.0
2021-03-15,0.0,0.0
2021-03-16,0.0,0.0
2021-03-17,0.0,0.0
2021-03-18,0.0,0.0
2021-03-19,0.0,0.0
2021-03-22,0.0,0.0
2021-03-23,0.0,0.0
2021-03-24,0.0,0.0
2021-03-25,0.0,0.0
2021-03-26,0.0,0.0
2021-03-29,0.0,0.0
2021-03-30,0.0,0.0
2021-03-31,0.0,0.0
2021-04-01,0.0,0.0
2021-04-02,-0.55,0.429
2021-04-06,0.0,0.0
2021-04-07,0.0,0.0
2021-04-08,0.0,0.0
2021-04-09,0.0,0.0
2021-04-12,0.0,0.0
2021-04-13,0.0,0.0
2021-04-14,0.484,0.0
2021-04-15,0.0,0.0
2021-04-16,0.0,0.0
2021-04-19,0.0,0.0
2021-04-20,0.0,0.0
2021-04-21,0.0,0.0
2021-04-22,0.0,0.0
2021-04-23,0.0,0.0
2021-04-26,-0.604,0.0
2021-04-27,0.0,0.0
2021-04-28,0.0,0.0
2021-04-29,0.0,0.0
2021-04-30,0.0,0.0
2021-05-06,0.0,0.0
2021-05-07,0.0,0.0
2021-05-10,0.0,0.0
2021-05-11,0.353,0.0
2021-05-12,0.0,0.0
2021-05-13,0.0,0.0
2021-05-14,0.0,0.0
2021-05-17,0.0,0.0
2021-05-18,0.0,0.0
2021-05-19,-0.613,0.0
2021-05-20,0.0,0.0
2021-05-21,0.0,0.0
2021-05-24,0.0,0.0
2021-05-25,0.237,0.0
2021-05-26,0.0,0.0
2021-05-27,0.0,0.0
2021-05-28,-0.73,0.0
2021-05-31,0.0,0.0
2021-06-01,0.0,0.0
2021-06-02,0.0,0.0
2021-06-03,0.0,0.0
2021-06-04,0.0,-0.646
2021-06-07,0.0,0.0
2021-06-08,0.0,0.0
2021-06-09,0.401,0.0
2021-06-10,0.0,0.0
2021-06-11,-0.522,0.0
2021-06-15,0.43,0.0
2021-06-16,0.0,0.0
2021-06-17,0.0,0.0
2021-06-18,0.0,0.3
2021-06-21,0.0,0.0
2021-06-22,0.0,0.0
2021-06-23,0.0,0.0
2021-06-24,-0.589,0.0
2021-06-25,0.0,-0.655
2021-06-28,0.0,0.0
2021-06-29,0.0,0.0
2021-06-30,0.33,0.0
2021-07-01,0.0,0.0
2021-07-02,-0.534,0.0
2021-07-05,0.421,0.0
2021-07-06,-0.544,0.0
2021-07-07,0.447,0.0
2021-07-08,0.0,0.0
2021-07-09,-0.479,0.0
2021-07-12,0.509,0.0
2021-07-13,0.0,0.0
2021-07-14,0.0,0.0
2021-07-15,0.0,0.0
2021-07-16,0.0,0.0
2021-07-19,0.0,0.0
2021-07-20,0.0,0.0
2021-07-21,0.0,0.0
2021-07-22,0.0,0.0
2021-07-23,0.0,0.0
2021-07-26,0.0,0.0
2021-07-27,-0.417,0.0
2021-07-28,0.0,0.0
2021-07-29,0.0,0.0
2021-07-30,0.0,0.0
2021-08-02,0.525,0.0
2021-08-03,0.0,0.0
2021-08-04,0.0,0.0
2021-08-05,0.0,0.0
2021-08-06,-0.407,0.0
2021-08-09,0.6,0.0
2021-08-10,0.0,0.0
2021-08-11,0.0,0.0
2021-08-12,0.0,0.0
2021-08-13,0.0,0.0
2021-08-16,0.0,0.0
2021-08-17,0.0,0.0
2021-08-18,0.0,0.0
2021-08-19,0.0,0.0
2021-08-20,0.0,0.0
2021-08-23,0.0,0.0
2021-08-24,0.0,0.0
2021-08-25,0.0,0.0
2021-08-26,0.0,0.0
2021-08-27,0.0,0.523
2021-08-30,-0.36,0.0
2021-08-31,0.0,0.0
2021-09-01,0.0,0.0
2021-09-02,0.0,0.0
2021-09-03,0.0,0.0
2021-09-06,0.578,0.0
2021-09-07,0.0,0.0
2021-09-08,0.0,0.0
2021-09-09,0.0,0.0
2021-09-10,0.0,0.0
2021-09-13,-0.426,0.0
2021-09-14,0.0,0.0
2021-09-15,0.0,0.0
2021-09-16,0.0,0.0
2021-09-17,0.0,0.0
2021-09-22,0.0,0.0
2021-09-23,0.562,0.0
2021-09-24,0.0,0.0
2021-09-27,0.0,0.0
2021-09-28,-0.534,0.0
2021-09-29,0.0,0.0
2021-09-30,0.0,0.0
2021-10-08,0.0,0.0
2021-10-11,0.0,0.0
2021-10-12,0.0,0.0
2021-10-13,0.0,0.0
2021-10-14,0.0,0.0
2021-10-15,0.0,0.0
2021-10-18,0.0,0.0
2021-10-19,0.0,0.0
2021-10-20,0.0,0.0
2021-10-21,0.0,0.0
2021-10-22,0.0,0.0
2021-10-25,0.0,0.0
2021-10-26,0.388,0.0
2021-10-27,0.0,0.0
2021-10-28,0.0,0.0
2021-10-29,0.0,0.0
2021-11-01,-0.581,0.0
2021-11-02,0.0,0.0
2021-11-03,0.383,0.0
2021-11-04,0.0,0.0
2021-11-05,-0.623,0.0
2021-11-08,0.0,0.0
2021-11-09,0.0,0.0
2021-11-10,0.0,0.0
2021-11-11,0.0,0.0
2021-11-12,0.0,0.0
2021-11-15,0.0,0.0
2021-11-16,0.0,0.0
2021-11-17,0.0,0.0
2021-11-18,0.0,0.0
2021-11-19,0.474,-0.549
2021-11-22,0.0,0.0
2021-11-23,0.0,0.0
2021-11-24,-0.439,0.0
2021-11-25,0.0,0.0
2021-11-26,0.588,0.0
2021-11-29,-0.375,0.0
2021-11-30,0.602,0.0
2021-12-01,0.0,0.0
2021-12-02,0.0,0.0
2021-12-03,0.0,0.0
2021-12-06,0.0,0.0
2021-12-07,0.0,0.0
2021-12-08,0.0,0.0
2021-12-09,0.0,0.0
2021-12-10,0.0,0.0
2021-12-13,0.0,0.0
2021-12-14,0.0,0.0
2021-12-15,0.0,0.0
2021-12-16,-0.442,0.0
2021-12-17,0.0,0.0
2021-12-20,0.0,0.0
2021-12-21,0.0,0.0
2021-12-22,0.0,0.0
2021-12-23,0.693,0.0
2021-12-24,0.0,0.0
2021-12-27,0.0,0.0
2021-12-28,0.0,0.0
2021-12-29,0.0,0.0
2021-12-30,0.0,0.0
2021-12-31,0.0,0.534
2022-01-04,0.0,0.0
2022-01-05,0.0,0.0
2022-01-06,-0.39,0.0
2022-01-07,0.0,0.0
2022-01-10,0.0,0.0
2022-01-11,0.0,0.0
2022-01-12,0.0,0.0
2022-01-13,0.0,0.0
2022-01-14,0.0,0.0
2022-01-17,0.673,0.0
2022-01-18,0.0,0.0
2022-01-19,0.0,0.0
2022-01-20,0.0,0.0
2022-01-21,0.0,0.0
2022-01-24,0.0,0.0
2022-01-25,-0.315,0.0
2022-01-26,0.0,0.0
2022-01-27,0.0,0.0
2022-01-28,0.0,0.0
2022-02-07,0.707,0.0
2022-02-08,0.0,0.0
2022-02-09,0.0,0.0
2022-02-10,0.0,0.0
2022-02-11,0.0,0.0
2022-02-14,0.0,0.0
2022-02-15,0.0,0.0
2022-02-16,-0.564,0.0
2022-02-17,0.0,0.0
2022-02-18,0.0,0.0
2022-02-21,0.0,0.0
2022-02-22,0.0,0.0
2022-02-23,0.0,0.0
2022-02-24,0.0,0.0
2022-02-25,0.0,0.0
2022-02-28,0.0,0.0
2022-03-01,0.0,0.0
2022-03-02,0.0,0.0
2022-03-03,0.0,0.0
2022-03-04,0.0,0.0
2022-03-07,0.0,0.0
2022-03-08,0.0,0.0
2022-03-09,0.0,0.0
2022-03-10,0.583,0.0
2022-03-11,0.0,0.0
2022-03-14,0.0,0.0
2022-03-15,0.0,0.0
2022-03-16,0.0,0.0
2022-03-17,0.0,0.0
2022-03-18,0.0,0.0
2022-03-21,0.0,0.0
2022-03-22,0.0,0.0
2022-03-23,0.0,0.0
2022-03-24,-0.478,0.0
2022-03-25,0.0,-0.419
2022-03-28,0.0,0.0
2022-03-29,0.0,0.0
2022-03-30,0.513,0.0
2022-03-31,0.0,0.0
2022-04-01,0.0,0.0
2022-04-06,0.0,0.0
2022-04-07,-0.379,0.0
2022-04-08,0.0,0.0
2022-04-11,0.0,0.0
2022-04-12,0.0,0.0
2022-04-13,0.0,0.0
2022-04-14,0.74,0.0
2022-04-15,0.0,0.0
2022-04-18,0.0,0.0
2022-04-19,0.0,0.0
2022-04-20,0.0,0.0
2022-04-21,0.0,0.0
2022-04-22,0.0,0.0
2022-04-25,0.0,0.0
2022-04-26,0.0,0.0
2022-04-27,0.0,0.0
2022-04-28,0.0,0.0
2022-04-29,0.0,0.0
2022-05-05,0.0,0.0
2022-05-06,0.0,0.719
2022-05-09,0.0,0.0
2022-05-10,-0.339,0.0
2022-05-11,0.0,0.0
2022-05-12,0.0,0.0
2022-05-13,0.0,0.0
2022-05-16,0.0,0.0
2022-05-17,0.0,0.0
2022-05-18,0.0,0.0
2022-05-19,0.0,0.0
2022-05-20,0.0,0.0
2022-05-23,0.577,0.0
2022-05-24,-0.345,0.0
2022-05-25,0.0,0.0
2022-05-26,0.0,0.0
2022-05-27,0.0,0.0
2022-05-30,0.0,0.0
2022-05-31,0.541,0.0
2022-06-01,0.0,0.0
2022-06-02,-0.495,0.0
2022-06-06,0.406,0.0
2022-06-07,-0.553,0.0
2022-06-08,0.0,0.0
2022-06-09,0.0,0.0
2022-06-10,0.0,0.0
2022-06-13,0.0,0.0
2022-06-14,0.0,0.0
2022-06-15,0.0,0.0
2022-06-16,0.0,0.0
2022-06-17,0.0,0.0
2022-06-20,0.269,0.0
2022-06-21,0.0,0.0
2022-06-22,-0.632,0.0
2022-06-23,0.0,0.0
2022-06-24,0.0,0.0
2022-06-27,0.0,0.0
2022-06-28,0.0,0.0
2022-06-29,0.0,0.0
2022-06-30,0.0,0.0
2022-07-01,0.0,0.0
2022-07-04,0.0,0.0
2022-07-05,0.321,0.0
2022-07-06,0.0,0.0
2022-07-07,0.0,0.0
2022-07-08,-0.593,0.0
2022-07-11,0.0,0.0
2022-07-12,0.0,0.0
2022-07-13,0.0,0.0
2022-07-14,0.0,0.0
2022-07-15,0.558,-0.43
2022-07-18,0.0,0.0
2022-07-19,0.0,0.0
2022-07-20,0.0,0.0
2022-07-21,0.0,0.0
2022-07-22,0.0,0.0
2022-07-25,0.0,0.0
2022-07-26,0.0,0.0
2022-07-27,0.0,0.0
2022-07-28,0.0,0.0
2022-07-29,-0.537,0.0
2022-08-01,0.0,0.0
2022-08-02,0.0,0.0
2022-08-03,0.0,0.0
2022-08-04,0.0,0.0
2022-08-05,0.457,0.0
2022-08-08,0.0,0.0
2022-08-09,0.0,0.0
2022-08-10,0.0,0.0
2022-08-11,0.0,0.0
2022-08-12,0.0,0.0
2022-08-15,-0.446,0.0
2022-08-16,0.0,0.0
2022-08-17,0.555,0.0
2022-08-18,0.0,0.0
2022-08-19,0.0,0.0
2022-08-22,0.0,0.0
2022-08-23,0.0,0.0
2022-08-24,0.0,0.0
2022-08-25,0.0,0.0
2022-08-26,0.0,0.0
2022-08-29,0.0,0.0
2022-08-30,0.0,0.0
2022-08-31,0.0,0.0
2022-09-01,0.0,0.0
2022-09-02,0.0,0.0
2022-09-05,0.0,0.0
2022-09-06,0.0,0.0
2022-09-07,0.0,0.0
2022-09-08,0.0,0.0
2022-09-09,0.0,0.0
2022-09-13,0.0,0.0
2022-09-14,0.0,0.0
2022-09-15,-0.322,0.0
2022-09-16,0.0,0.0
2022-09-19,0.0,0.0
2022-09-20,0.0,0.0
2022-09-21,0.694,0.0
2022-09-22,0.0,0.0
2022-09-23,0.0,0.0
2022-09-26,0.0,0.0
2022-09-27,0.0,0.0
2022-09-28,0.0,0.0
2022-09-29,0.0,0.0
2022-09-30,0.0,0.696
2022-10-10,-0.216,0.0
2022-10-11,0.0,0.0
2022-10-12,0.76,0.0
2022-10-13,0.0,0.0
2022-10-14,0.0,0.0
2022-10-17,0.0,0.0
2022-10-18,0.0,0.0
2022-10-19,0.0,0.0
2022-10-20,-0.415,0.0
2022-10-21,0.0,0.0
2022-10-24,0.0,0.0
2022-10-25,0.0,0.0
2022-10-26,0.0,0.0
2022-10-27,0.0,0.0
2022-10-28,0.0,0.0
2022-10-31,0.0,0.0
2022-11-01,0.0,0.0
2022-11-02,0.0,0.0
2022-11-03,0.0,0.0
2022-11-04,0.0,0.0
2022-11-07,0.0,0.0
2022-11-08,0.0,0.0
2022-11-09,0.0,0.0
2022-11-10,0.0,0.0
2022-11-11,0.0,0.0
2022-11-14,0.0,0.0
2022-11-15,0.473,0.0
2022-11-16,0.0,0.0
2022-11-17,0.0,0.0
2022-11-18,0.0,0.0
2022-11-21,-0.461,0.0
2022-11-22,0.0,0.0
2022-11-23,0.0,0.0
2022-11-24,0.0,0.0
2022-11-25,0.0,-0.342
2022-11-28,0.0,0.0
2022-11-29,0.593,0.0
2022-11-30,0.0,0.0
2022-12-01,0.0,0.0
2022-12-02,0.0,0.0
2022-12-05,0.0,0.0
2022-12-06,0.0,0.0
2022-12-07,0.0,0.0
2022-12-08,-0.505,0.0
2022-12-09,0.0,0.592
2022-12-12,0.0,0.0
2022-12-13,0.0,0.0
2022-12-14,0.0,0.0
2022-12-15,0.0,0.0
2022-12-16,0.0,-0.405
2022-12-19,0.0,0.0
2022-12-20,0.0,0.0
2022-12-21,0.0,0.0
2022-12-22,0.533,0.0
2022-12-23,0.0,0.0
2022-12-26,0.0,0.0
2022-12-27,0.0,0.0
2022-12-28,0.0,0.0
2022-12-29,0.0,0.0
2022-12-30,-0.467,0.0
2023-01-03,0.432,0.0
2023-01-04,0.0,0.0
2023-01-05,0.0,0.0
2023-01-06,-0.532,0.576
2023-01-09,0.0,0.0
2023-01-10,0.0,0.0
2023-01-11,0.0,0.0
2023-01-12,0.0,0.0
2023-01-13,0.0,-0.403
2023-01-16,0.392,0.0
2023-01-17,0.0,0.0
2023-01-18,0.0,0.0
2023-01-19,0.0,0.0
2023-01-20,0.0,0.442
2023-01-30,0.0,0.0
2023-01-31,-0.714,0.0
2023-02-01,0.0,0.0
2023-02-02,0.0,0.0
2023-02-03,0.0,0.0
2023-02-06,0.172,0.0
2023-02-07,-0.768,0.0
2023-02-08,0.0,0.0
2023-02-09,0.0,0.0
2023-02-10,0.0,0.0
2023-02-13,0.0,0.0
2023-02-14,0.0,0.0
2023-02-15,0.22,0.0
2023-02-16,-0.682,0.0
2023-02-17,0.0,0.0
2023-02-20,0.0,0.0
2023-02-21,0.0,0.0
2023-02-22,0.328,0.0
2023-02-23,-0.607,0.0
2023-02-24,0.379,0.0
2023-02-27,-0.577,0.0
2023-02-28,0.41,0.0
2023-03-01,0.0,0.0
2023-03-02,0.0,0.0
2023-03-03,0.0,-0.739
2023-03-06,0.0,0.0
2023-03-07,0.0,0.0
2023-03-08,-0.559,0.0
2023-03-09,0.0,0.0
2023-03-10,0.479,0.0
2023-03-13,0.0,0.0
2023-03-14,0.0,0.0
2023-03-15,0.0,0.0
2023-03-16,0.0,0.0
2023-03-17,0.0,0.0
2023-03-20,0.0,0.0
2023-03-21,0.0,0.0
2023-03-22,0.0,0.0
2023-03-23,0.0,0.0
2023-03-24,0.0,0.0
2023-03-27,0.0,0.0
2023-03-28,-0.685,0.0
2023-03-29,0.0,0.0
2023-03-30,0.0,0.0
2023-03-31,0.0,0.0
2023-04-03,0.196,0.0
2023-04-04,-0.707,0.0
2023-04-06,0.0,0.0
2023-04-07,0.0,0.0
2023-04-10,0.0,0.0
2023-04-11,0.0,0.0
2023-04-12,0.0,0.0
2023-04-13,0.0,0.0
2023-04-14,0.467,0.0
2023-04-17,0.0,0.0
2023-04-18,0.0,0.0
2023-04-19,0.0,0.0
2023-04-20,0.0,0.0
2023-04-21,0.0,0.0
2023-04-24,0.0,0.0
2023-04-25,0.0,0.0
2023-04-26,-0.479,0.0
2023-04-27,0.0,0.0
2023-04-28,0.465,0.0
2023-05-04,0.0,0.0
2023-05-05,0.0,0.0
2023-05-08,0.0,0.0
2023-05-09,0.0,0.0
2023-05-10,0.0,0.0
2023-05-11,-0.539,0.0
2023-05-12,0.0,0.0
2023-05-15,0.0,0.0
2023-05-16,0.0,0.0
2023-05-17,0.0,0.0
2023-05-18,0.0,0.0
2023-05-19,0.504,0.0
2023-05-22,0.0,0.0
2023-05-23,0.0,0.0
2023-05-24,0.0,0.0
2023-05-25,0.0,0.0
2023-05-26,0.0,0.0
2023-05-29,0.0,0.0
2023-05-30,0.0,0.0
2023-05-31,0.0,0.0
2023-06-01,0.0,0.0
2023-06-02,0.0,0.336
2023-06-05,0.0,0.0
2023-06-06,-0.552,0.0
2023-06-07,0.0,0.0
2023-06-08,0.0,0.0
2023-06-09,0.0,0.0
2023-06-12,0.0,0.0
2023-06-13,0.3,0.0
2023-06-14,0.0,0.0
2023-06-15,-0.65,0.0
2023-06-16,0.0,0.0
2023-06-19,0.0,0.0
2023-06-20,0.0,0.0
2023-06-21,0.0,0.0
2023-06-26,0.0,0.0
2023-06-27,0.0,0.0
2023-06-28,0.0,0.0
2023-06-29,0.0,0.0
2023-06-30,0.0,-0.604
2023-07-03,0.0,0.0
2023-07-04,0.532,0.0
2023-07-05,0.0,0.0
2023-07-06,0.0,0.0
2023-07-07,0.0,0.0
2023-07-10,0.0,0.0
2023-07-11,0.0,0.0
2023-07-12,0.0,0.0
2023-07-13,0.0,0.0
2023-07-14,0.0,0.0
2023-07-17,0.0,0.0
2023-07-18,-0.48,0.0
2023-07-19,0.0,0.0
2023-07-20,0.0,0.0
2023-07-21,0.0,0.0
2023-07-24,0.0,0.0
2023-07-25,0.562,0.0
2023-07-26,0.0,0.0
2023-07-27,0.0,0.0
2023-07-28,0.0,0.0
2023-07-31,0.0,0.0
2023-08-01,0.0,0.0
2023-08-02,0.0,0.0
2023-08-03,0.0,0.0
2023-08-04,0.0,0.0
2023-08-07,0.0,0.0
2023-08-08,0.0,0.0
2023-08-09,0.0,0.0
2023-08-10,-0.451,0.0
2023-08-11,0.0,0.475
2023-08-14,0.0,0.0
2023-08-15,0.0,0.0
2023-08-16,0.0,0.0
2023-08-17,0.0,0.0
2023-08-18,0.0,-0.466
2023-08-21,0.0,0.0
2023-08-22,0.639,0.0
2023-08-23,0.0,0.0
2023-08-24,0.0,0.0
2023-08-25,0.0,0.0
2023-08-28,0.0,0.0
2023-08-29,0.0,0.0
2023-08-30,0.0,0.0
2023-08-31,0.0,0.0
2023-09-01,0.0,0.548
2023-09-04,0.0,0.0
2023-09-05,-0.347,0.0
2023-09-06,0.0,0.0
2023-09-07,0.0,0.0
2023-09-08,0.0,0.0
2023-09-11,0.646,0.0
2023-09-12,0.0,0.0
2023-09-13,0.0,0.0
2023-09-14,0.0,0.0
2023-09-15,0.0,0.0
2023-09-18,0.0,0.0
2023-09-19,-0.277,0.0
2023-09-20,0.727,0.0
2023-09-21,0.0,0.0
2023-09-22,0.0,0.0
2023-09-25,0.0,0.0
2023-09-26,0.0,0.0
2023-09-27,0.0,0.0
2023-09-28,0.0,0.0
2023-10-09,-0.485,0.0
2023-10-10,0.0,0.0
2023-10-11,0.382,0.0
2023-10-12,-0.573,0.0
2023-10-13,0.0,0.0
2023-10-16,0.0,0.0
2023-10-17,0.0,0.0
2023-10-18,0.0,0.0
2023-10-19,0.0,0.0
2023-10-20,0.0,0.0
2023-10-23,0.0,0.0
2023-10-24,0.0,0.0
2023-10-25,0.0,0.0
2023-10-26,0.0,0.0
2023-10-27,0.0,0.0
2023-10-30,0.649,0.0
2023-10-31,0.0,0.0
2023-11-01,0.0,0.0
2023-11-02,0.0,0.0
2023-11-03,0.0,0.0
2023-11-06,0.0,0.0
2023-11-07,0.0,0.0
2023-11-08,0.0,0.0
2023-11-09,0.0,0.0
2023-11-10,-0.448,0.0
2023-11-13,0.0,0.0
2023-11-14,0.0,0.0
